word,pos_count,neg_count,total,log2_pos_over_neg
edie,101,0,101,7.6272665477166495
paulie,100,1,101,6.028019820989245
felix,102,4,106,4.471485728594606
710,197,9,206,4.339711960152353
810,211,11,222,4.16288252759441
matthau,128,7,135,4.060664584116832
910,146,9,155,3.9087599715101353
victoria,182,12,194,3.829827094524128
flawless,115,8,123,3.7262168306971915
mildred,100,7,107,3.706091726101883
1010,246,21,267,3.4811097122072865
gandhi,95,8,103,3.451896617316882
astaire,101,9,110,3.379339034273064
superbly,112,11,123,3.2521498656914973
perfection,124,13,137,3.1670450604360854
wonderfully,283,35,318,2.9593884359690197
captures,192,24,216,2.9359354219985287
brosnan,97,12,109,2.925404754506359
voight,89,11,100,2.9221844517387163
peters,88,12,100,2.785679990839746
powell,162,23,185,2.7516376867696524
bourne,152,22,174,2.722742966652047
refreshing,179,26,205,2.721850209791325
mustsee,110,16,126,2.7054390705644513
lily,94,14,108,2.6661920596249735
elvira,105,16,121,2.6386356998802047
delightful,235,37,272,2.612695189648375
gripping,126,20,146,2.5873722006076996
lincoln,123,20,143,2.552745857498067
soccer,86,14,100,2.5385778630406257
breathtaking,150,25,175,2.5231249653196794
andrews,132,22,154,2.5199260836523596
beautifully,367,63,430,2.494846383483034
sadness,92,16,108,2.4489179716893315
heartwarming,86,15,101,2.4423625477813227
superb,560,102,662,2.413021093831454
favorites,155,28,183,2.4098113864973336
delight,133,24,157,2.407916718103819
underrated,211,39,250,2.38266373547432
flynn,102,19,121,2.3560085111746707
timeless,101,19,120,2.341864328854401
sullivan,111,21,132,2.33656577574968
unforgettable,121,23,144,2.3321542824596166
welles,208,40,248,2.325984201091512
touching,358,70,428,2.308208586834584
nancy,172,34,206,2.283858725418835
brilliantly,206,41,247,2.2768891706039938
extraordinary,146,29,175,2.27404443559188
finest,230,46,276,2.2713947598527797
davies,100,20,120,2.255430317092318
friendship,232,47,279,2.2531619281959188
tremendous,104,21,125,2.2430250079102576
sinatra,166,34,200,2.232784540824566
stewart,329,68,397,2.228033202578998
wonderful,1360,285,1645,2.214504936418309
hitman,87,18,105,2.203688376734852
magnificent,214,45,259,2.198969827832322
ritter,98,21,119,2.1577176952857515
freedom,194,42,236,2.156166039379963
pleasantly,102,22,124,2.149557633707244
noir,291,64,355,2.1380554483087155
fantastic,642,142,784,2.1346651655606097
terrific,348,77,425,2.1308210711256588
marie,172,38,210,2.1255966415021033
tender,82,18,100,2.1187994791483393
splendid,99,22,121,2.1067021547454474
gentle,94,21,115,2.0979083000504475
chilling,129,29,158,2.0960958688561857
marvelous,128,29,157,2.08491213036351
outstanding,337,77,414,2.0845499171954285
excellent,1672,384,2056,2.0828813380984696
exceptional,119,27,146,2.081437724987562
captivating,96,22,118,2.0625345714698784
jackie,173,40,213,2.0608724802251093
hoffman,133,31,164,2.0453466387191104
sidney,131,31,162,2.0235696963238587
stanwyck,110,26,136,2.0219127353597055
poignant,125,30,155,2.002736846919359
gem,287,70,357,1.9897974239644172
darker,94,23,117,1.9695842030749082
ralph,114,28,142,1.968244404463675
bette,122,30,152,1.9678312319711573
amazing,1043,260,1303,1.9640059534127998
blake,81,20,101,1.953106780144467
april,80,20,100,1.9352955040280064
widmark,111,28,139,1.929940516287036
winters,87,22,109,1.921288646034127
ruth,87,22,109,1.921288646034127
gritty,150,39,189,1.8917695591140722
overlooked,100,26,126,1.8850618671472024
fisher,92,24,116,1.878602246932577
powerful,477,127,604,1.866934116595726
portrait,113,30,143,1.8577417802595018
psychiatrist,94,25,119,1.8517477127810498
brooklyn,79,21,100,1.8485488311137304
boxing,97,26,123,1.8413404897178847
innocence,119,32,151,1.8404296254837673
ensemble,115,31,146,1.836399748447614
shines,118,32,150,1.8283060664012776
vivid,85,23,108,1.8251942937397334
rural,85,23,108,1.8251942937397334
remarkable,241,66,307,1.8225275738660565
pitt,139,38,177,1.8192654016657592
giallo,81,22,103,1.8188056884328758
panic,88,24,112,1.8148263364992625
favorite,954,268,1222,1.791753739949998
stunning,317,89,406,1.788727634926745
crafted,103,29,132,1.7727745386689568
favourite,256,73,329,1.765073301302163
burns,137,39,176,1.761437690766392
journey,335,96,431,1.7596425494635763
builds,88,25,113,1.7571108386429748
unfolds,81,23,104,1.7560699330849132
subtle,330,95,425,1.7530082640034161
perfect,1205,348,1553,1.7523317202655762
von,142,41,183,1.7417093082366522
recommended,374,109,483,1.7359654793890507
lighthearted,83,24,107,1.7309250788903172
kelly,284,83,367,1.7305111803640025
appreciated,134,39,173,1.7296122449109943
smooth,93,27,120,1.7274653768944501
barbara,177,52,229,1.7193603272573947
alexander,89,26,115,1.7178259532325302
bond,247,73,320,1.7135430006620807
consequences,95,28,123,1.7064694444024802
brilliant,902,269,1171,1.7055722895535008
dentist,108,32,140,1.701114049947498
philip,118,35,153,1.70092675992505
chan,118,35,153,1.70092675992505
perfectly,484,146,630,1.6875266315243063
troubled,110,33,143,1.6837439994651324
stellar,77,23,100,1.6834661841280731
emotions,295,90,385,1.6690990636258003
cole,89,27,116,1.6643866942710699
prince,209,64,273,1.6615098088075706
depression,92,28,120,1.6604220768830433
haunting,173,53,226,1.659255496708587
daniel,172,53,225,1.6509161957958574
loved,1075,335,1410,1.6425534837543503
curtis,103,32,135,1.6330497750023436
cried,87,27,114,1.6317820288391423
rare,332,104,436,1.6317820288391423
draws,90,28,118,1.6288865034499365
highly,855,269,1124,1.628413212268381
courage,112,35,147,1.6259647022438282
sensitive,134,42,176,1.6240020569503955
nominated,156,49,205,1.622592857384482
emma,140,44,184,1.6206235197860013
today,730,232,962,1.6135841873395775
inspiring,92,29,121,1.610669041685944
intense,257,82,339,1.604037038356238
rival,119,38,157,1.5960108978173204
cox,91,29,120,1.5949874194536744
fears,94,30,124,1.5934357171896596
cinderella,159,51,210,1.592842717113124
contrast,168,54,222,1.590351086936405
glorious,78,25,103,1.5841260374516044
dramas,102,33,135,1.5753215395791467
everyday,126,41,167,1.5698847738788584
fabulous,132,43,175,1.5688356841333064
perry,80,26,106,1.564927054082891
carol,92,30,122,1.5625747534848988
awesome,358,118,476,1.5590166903351186
helps,270,89,359,1.557599637094032
unique,470,156,626,1.5499626963273914
notch,97,32,129,1.5468931312526293
blend,85,28,113,1.546893131252629
terrifying,103,34,137,1.546893131252629
balance,117,39,156,1.53466682891937
provides,262,88,350,1.5304986930019604
walter,158,53,211,1.5288026742697334
adorable,75,25,100,1.5279100278850561
tragic,255,86,341,1.52448188383237
unexpected,187,63,250,1.5239927291425504
spectacular,181,61,242,1.523241863187984
holmes,113,38,151,1.5216925771274867
thrillers,107,36,143,1.5202989212409161
hong,139,47,186,1.5161963340297129
carries,124,42,166,1.5125416264618523
jimmy,191,65,256,1.5097082109189797
seasons,179,61,240,1.5072561590152846
happiness,138,47,185,1.5058171882497133
beauty,482,165,647,1.5056283558796981
guilt,97,33,130,1.5031717538233116
shy,91,31,122,1.500350545315599
achievement,91,31,122,1.500350545315599
danes,85,29,114,1.4971400960555297
ideal,76,26,102,1.4913980186609257
glover,90,31,121,1.4844965941147616
definite,87,30,117,1.4824044048009155
creates,178,62,240,1.4759266098984858
touched,126,44,170,1.4691907742593853
fay,83,29,112,1.4629918736436842
fascinating,286,101,387,1.4589860421032017
bettie,105,37,142,1.4542111287427772
greatest,549,195,744,1.4528815041733516
satisfying,158,56,214,1.4500906982556925
ned,124,44,168,1.4461991316331562
oscar,545,195,740,1.4423412195477279
margaret,79,28,107,1.4419235716510865
ann,179,64,243,1.4385434089312703
enterprise,76,27,103,1.4379587596994654
deeply,234,84,318,1.4344953067646653
triumph,84,30,114,1.432072729250771
portrayal,372,134,506,1.4315648833243728
aunt,117,42,159,1.429056640958771
davis,244,88,332,1.428015735400709
bugs,147,53,200,1.4250347883795298
tony,342,124,466,1.4218888763112811
mysteries,75,27,102,1.4189756563318923
sport,75,27,102,1.4189756563318923
musicals,127,46,173,1.4171252562822996
debut,187,68,255,1.4146453329541895
unusual,225,82,307,1.4125920395410383
carrey,80,29,109,1.4102044592842489
incredible,407,149,556,1.408585205451808
loving,197,72,269,1.4077303835810038
sweet,392,144,536,1.4035537918097833
ages,180,66,246,1.402503221917454
complex,307,113,420,1.3998247434671602
destiny,74,27,101,1.3997394374689751
lucas,101,37,138,1.3984478572207686
hooked,101,37,138,1.3984478572207686
eerie,101,37,138,1.3984478572207686
warm,147,54,201,1.3983174500037503
mature,128,47,175,1.3976995713944032
winning,206,76,282,1.3945407592582664
navy,114,42,156,1.3917434824907151
essence,100,37,137,1.3841636312145207
learns,164,61,225,1.3813598989274745
kennedy,73,27,100,1.3802432618431777
kung,123,46,169,1.3711390510081194
paris,285,107,392,1.3710847163048556
solid,362,136,498,1.3710106745139174
beautiful,1559,587,2146,1.370353426453263
brazil,83,31,114,1.3683549995056088
lonely,136,51,187,1.3681872442681071
spy,136,51,187,1.3681872442681071
urban,133,50,183,1.3644150794672323
grim,132,50,182,1.35356769723024
colorful,100,38,138,1.3461957810155003
feelings,285,109,394,1.3444905062931423
masterpiece,431,165,596,1.3444599729032103
bands,79,30,109,1.3440762482529423
comfortable,79,30,109,1.3440762482529423
lifestyle,76,29,105,1.3366754238622836
vhs,195,75,270,1.3345506885137466
harry,306,118,424,1.3329306453239953
tears,228,88,316,1.3303754355065451
danny,217,84,301,1.3259227849853794
adventure,327,127,454,1.3229282900974277
911,88,34,122,1.3210117238363015
lovable,103,40,143,1.3155675851461734
todays,223,87,310,1.3148505398824617
gradually,85,33,118,1.3136939549595985
bleak,85,33,118,1.3136939549595985
joy,210,82,292,1.3132848393520533
quiet,202,79,281,1.3108257730191046
raw,123,48,171,1.310385019929023
hal,72,28,100,1.3089497063816657
heart,837,329,1166,1.3077413557559183
themes,298,117,415,1.3070008052312783
allows,181,71,252,1.3058850317488344
purple,82,32,114,1.3058850317488344
treat,228,90,318,1.2981350985063373
rose,157,62,219,1.2953543642566647
health,99,39,138,1.2947745028980193
anime,167,66,233,1.294665480375418
focuses,129,51,180,1.2922383910348083
subsequent,86,34,120,1.2880344013900284
pleased,91,36,127,1.2878059099354984
italy,101,40,141,1.2874165448320245
reveals,131,52,183,1.2866041021576529
surprising,216,86,302,1.2855256176214733
impact,266,106,372,1.2852127330648104
essential,113,45,158,1.2806844776236916
joey,78,31,109,1.2792714559231835
charming,332,133,465,1.2784452292324708
moving,571,229,800,1.2781899753321433
natural,322,130,452,1.267179984272205
castle,228,92,320,1.2665995250732305
funniest,255,103,358,1.265623153969769
sharp,134,54,188,1.265208668311171
winter,92,37,129,1.2644934005519042
importance,92,37,129,1.2644934005519042
louis,151,61,212,1.262590108665184
subtitles,141,57,198,1.26109882241898
tragedy,254,103,357,1.259965519107843
smith,308,125,433,1.259513755730119
season,536,218,754,1.2578755217873967
nicely,209,85,294,1.2548845493449268
forbidden,84,34,118,1.254285610035488
secrets,79,32,111,1.2524457727873737
deeper,125,51,176,1.2469736572990269
compelling,268,110,378,1.242806349125454
witty,190,78,268,1.240957069133168
thief,105,43,148,1.2400863233899297
kudos,88,36,124,1.2397116217344535
great,6333,2620,8953,1.2350914994375053
magical,136,56,192,1.2345088090361378
mgm,131,54,185,1.2326652950468489
highest,73,30,103,1.2308656378049512
arthur,239,99,338,1.2291878557240044
manager,109,45,154,1.22892304993395
intensity,109,45,154,1.22892304993395
gorgeous,258,107,365,1.2277582512569474
sings,104,43,147,1.2263462667636278
stanley,111,46,157,1.2236717193437463
enjoyed,878,366,1244,1.2231597184060374
dawson,75,31,106,1.2230554463566352
craig,82,34,116,1.2197283879991196
lovely,294,123,417,1.2156872227772562
daring,77,32,109,1.2156872227772562
rob,174,73,247,1.209341511904761
columbo,138,58,196,1.2053080769972566
winner,152,64,216,1.2033688075584676
norman,81,34,115,1.2021343279843815
jean,192,81,273,1.201917111882659
maria,114,48,162,1.2012215764412892
relate,165,70,235,1.1930666849398972
memorable,465,198,663,1.1915727909473088
realizes,139,59,198,1.191234179052717
eyre,78,33,111,1.1904621889653277
episodes,658,281,939,1.1879791487077578
princess,134,57,191,1.187902942143722
strong,748,320,1068,1.1856085899711486
dave,80,34,114,1.184323051867921
baseball,145,62,207,1.1810216887776699
apartment,231,99,330,1.1801743932480604
tight,110,47,157,1.1799775815919566
20th,82,35,117,1.178505725272607
cry,272,117,389,1.1755261036307618
childhood,244,105,349,1.1745220967765215
gothic,91,39,130,1.1738497206384126
disagree,91,39,130,1.1738497206384126
landscape,79,34,113,1.1662891290376591
traditional,178,77,255,1.1655864892863352
titanic,125,54,179,1.1652898597053187
hudson,88,38,126,1.1627496399195691
daughters,166,72,238,1.1613999075878005
abc,74,32,106,1.15873133796518
strength,170,74,244,1.1563900390934838
gene,186,81,267,1.1562342965556331
adds,234,102,336,1.1558946435414037
sides,108,47,155,1.1536262546450047
oscars,110,48,158,1.149920347735777
dancer,96,42,138,1.1449967316618517
dances,71,31,102,1.144522043809946
legendary,130,57,187,1.1443465761569822
tense,105,46,151,1.143871008130627
driven,123,54,177,1.1421135373392242
sentimental,98,43,141,1.1410389541391213
surreal,141,62,203,1.1408045887012683
develops,100,44,144,1.137248890744004
realistic,504,223,727,1.1365100684545126
holds,206,91,297,1.1362287636668758
frank,309,137,446,1.132438421333716
lucy,104,46,150,1.1301309515043247
styles,77,34,111,1.1295305790275416
animated,342,152,494,1.1292253759291135
deals,178,79,257,1.1288279392762173
cowboy,142,63,205,1.1280640528114112
rules,162,72,234,1.1263174484323553
sir,126,56,182,1.1247452428105955
matches,70,31,101,1.1242020594303501
tear,70,31,101,1.1242020594303501
steals,146,65,211,1.1232644834162706
touches,141,63,204,1.1179041865911894
edge,281,126,407,1.1159281679173927
portraying,156,70,226,1.112398125065298
achieved,96,43,139,1.111444171950825
che,107,48,155,1.1102106379338055
brando,87,39,126,1.109360994186699
environment,118,53,171,1.109206893028585
backgrounds,69,31,100,1.103591779755064
impressed,241,109,350,1.1030229497660726
denzel,91,41,132,1.1025910374685908
won,329,149,478,1.10206361134142
leslie,115,52,167,1.099434154281408
blob,82,37,119,1.099434154281408
captured,178,81,259,1.0929827403294952
packed,86,39,125,1.092778109991095
germany,147,67,214,1.0896861777298459
stays,125,57,182,1.0879841335378697
paced,127,58,185,1.0859193478069264
sons,140,64,204,1.085129695329145
waters,79,36,115,1.0849890269358113
explicit,79,36,115,1.0849890269358113
simple,686,315,1001,1.0835503456960247
immensely,70,32,102,1.0791141699018123
carl,70,32,102,1.0791141699018123
patient,102,47,149,1.0715551217059711
enjoyable,568,263,831,1.0712880177865063
anger,130,60,190,1.070973389826763
modesty,76,35,111,1.0695713537194427
empire,78,36,114,1.0667268205430829
covers,93,43,136,1.0658815945703815
owner,168,78,246,1.0639146628217044
tale,517,241,758,1.0614663040823875
fresh,247,115,362,1.0614663040823875
jim,311,145,456,1.060143640647191
magic,315,147,462,1.0588556812648184
rain,133,62,195,1.05684227755694
2005,86,40,126,1.0567088552835728
sophisticated,86,40,126,1.0567088552835728
midnight,120,56,176,1.0546410043462469
albert,169,79,248,1.0541891383834616
golden,175,82,257,1.0509356365902178
strikes,92,43,135,1.0503685951990567
charlie,262,123,385,1.0497370115002802
kurt,96,45,141,1.046593027600857
handsome,149,70,219,1.0463809523307848
relationship,647,305,952,1.0456384432866597
depiction,117,55,172,1.0440317107463668
elderly,81,38,119,1.0438722440676493
reunion,102,48,150,1.0414978878497911
performances,1222,578,1800,1.0413762312635793
nevertheless,159,75,234,1.0409385049712634
emotional,442,209,651,1.0406578418024812
secretary,85,40,125,1.039933142532746
supporting,608,288,896,1.038616574599719
tap,68,32,100,1.0375949004635454
rebel,68,32,100,1.0375949004635454
influenced,68,32,100,1.0375949004635454
workers,91,43,134,1.0346869729667874
brooks,112,53,165,1.0342448353473632
colors,135,64,199,1.0328524164620905
brad,116,55,171,1.0317009088356472
china,118,56,174,1.0304949170145443
memories,187,89,276,1.0288616386504599
sunshine,78,37,115,1.0277326889272191
pushing,78,37,115,1.0277326889272191
identity,168,80,248,1.0276185335987142
30s,101,48,149,1.0273537055295217
portrays,155,74,229,1.023532880199914
streets,182,87,269,1.0224721724665238
friendly,113,54,167,1.0202947930454613
endearing,94,45,139,1.0163784145538493
florida,69,33,102,1.014782512797208
genius,297,143,440,1.0137695620510911
conventional,71,34,105,1.0132775105316936
greatly,104,50,154,1.011078279860561
cagney,75,36,111,1.0105108109765348
india,108,52,160,1.0092363453098299
brings,424,205,629,1.0085567904028285
spring,79,38,117,1.0080270451209272
best,4256,2062,6318,1.0072041416059605
court,120,58,178,1.00445524717803
available,260,126,386,1.004076618115671
carefully,87,42,129,1.0037508062261002
atmosphere,488,237,725,1.002361679281548
society,434,211,645,1.0006291442259234
bears,97,47,144,0.999405335950136
mouse,99,48,147,0.9986424088879942
influence,140,68,208,0.9983248677918724
delivers,238,116,354,0.9955899418827044
lovers,195,95,290,0.9955265998030768
drew,152,74,226,0.9954275425195601
paul,565,276,841,0.9941781742865865
nowadays,113,55,168,0.994063251472282
blues,68,33,101,0.9938735230342274
instant,68,33,101,0.9938735230342274
satisfied,68,33,101,0.9938735230342274
rough,115,56,171,0.9935007095323429
1930s,123,60,183,0.9914346248415562
effectively,125,61,186,0.9909596791430053
affected,76,37,113,0.9904997827282438
donald,127,62,189,0.9904997827282438
match,394,193,587,0.9896223644005213
ken,80,39,119,0.9890667604689871
studios,137,67,204,0.988402841892664
henry,253,124,377,0.9877706354667324
interpretation,108,53,161,0.9820148765748055
romantic,556,274,830,0.9815061688682336
sky,207,102,309,0.9794180572603142
surprisingly,312,154,466,0.9781799821765479
relationships,241,119,360,0.9769432013864977
trek,160,79,239,0.975477162369421
unlike,386,191,577,0.9750546525313635
love,4194,2080,6274,0.9734991884486099
shine,71,35,106,0.9720548478051805
tricks,91,45,136,0.9698358286168192
andrew,93,46,139,0.9696662793110785
bitter,101,50,151,0.9690550649648547
refuses,103,51,154,0.9689170608475796
inner,127,63,190,0.967599380618165
performance,1913,957,2870,0.9608001393876493
ride,270,135,405,0.9592663730044165
france,144,72,216,0.9569472230172174
roy,142,71,213,0.9568774028051876
lion,100,50,150,0.9547708389586069
seeking,100,50,150,0.9547708389586069
noble,98,49,147,0.9546258299082396
jake,92,46,138,0.9541532799397537
manhattan,78,39,117,0.9527706312459973
emily,78,39,117,0.9527706312459973
gangsters,68,34,102,0.9514382567138306
meets,441,222,663,0.9505387323261789
dan,161,81,242,0.9485928309943203
emotionally,157,79,236,0.9482556936343964
effective,337,170,507,0.9470463934454937
easy,515,260,775,0.9466196856210731
dreams,289,146,435,0.9445933140984617
sunday,119,60,179,0.943934201237627
joan,192,97,289,0.9433149523641261
greater,115,58,173,0.9433149523641261
succeeds,111,56,167,0.94265156803659
stylish,103,52,155,0.9411720703646755
glimpse,99,50,149,0.9403437683233273
page,229,116,345,0.9400948292910007
sexuality,97,49,146,0.9399043242014743
city,745,378,1123,0.9398456828291838
works,843,428,1271,0.9390234947065389
imaginative,93,47,140,0.9389694820881619
striking,91,46,137,0.9384716577074842
luke,150,76,226,0.9381624645985233
branagh,89,45,134,0.937951767597033
sports,144,73,217,0.9371839681957875
patrick,144,73,217,0.9371839681957875
future,582,296,878,0.9361565755271118
artist,193,98,291,0.9360685672195069
wells,77,39,116,0.9342742876286078
demands,75,38,113,0.9335488291616506
saga,67,34,101,0.9302217708041349
criticism,112,57,169,0.9302217708041349
sees,358,183,541,0.928123686390165
trilogy,139,71,210,0.9261806055822711
cook,96,49,145,0.9250310477199438
concert,94,48,142,0.9242602125654179
aired,94,48,142,0.9242602125654179
hall,131,67,198,0.9240340227729444
definitely,1040,534,1574,0.9229457425463171
both,2233,1147,3380,0.9227427315335588
complaint,90,46,136,0.9226177065066469
rings,123,63,186,0.9216131753439848
appreciate,333,171,504,0.9214088155432456
meeting,156,80,236,0.9210325993494745
faced,86,44,130,0.9208254272017998
jane,391,201,592,0.9201630992945463
simon,152,78,230,0.9199753140900946
complicated,115,59,174,0.9188619086395872
master,276,142,418,0.918248191714076
accomplished,80,41,121,0.9178080772991652
era,367,189,556,0.9174770320841082
alltime,74,38,112,0.9143126102987331
andy,192,99,291,0.9140206455700877
inspired,215,111,326,0.9125747897002662
award,255,132,387,0.9092615620185329
relations,66,34,100,0.9086886092544936
directs,66,34,100,0.9086886092544936
perspective,172,89,261,0.9085674049327481
brave,133,69,202,0.9036854894955194
personal,411,214,625,0.9018454134535531
fantasy,386,201,587,0.9016192059283532
douglas,198,103,301,0.9014388701751055
william,376,196,572,0.9000511829447949
ward,79,41,120,0.8997741544689036
individual,146,76,222,0.8992996422610691
albeit,100,52,152,0.898736804044279
adapted,98,51,149,0.8974819228046307
awards,161,84,245,0.8964415489432136
australia,73,38,111,0.8948164346729359
impressive,323,169,492,0.8944110693876366
pleasant,153,80,233,0.8931085977870353
innocent,267,140,407,0.8908993915990562
marriage,265,139,404,0.8903773695064391
charismatic,88,46,134,0.8903773695064391
segment,166,87,253,0.8900978857704063
river,185,97,282,0.8898756934026658
england,185,97,282,0.8898756934026658
determined,105,55,160,0.8886139528885523
father,1205,635,1840,0.8855982511290404
gives,1029,543,1572,0.8835225201364182
con,80,42,122,0.8834565725083884
classic,1176,621,1797,0.8826056547032857
animation,532,281,813,0.8815772335644441
images,305,161,466,0.8815688456562777
ultimate,161,85,246,0.8794684703395002
keeping,178,94,272,0.8794684703394999
profound,91,48,139,0.8777176266283876
discovers,157,83,240,0.8774343564446996
figures,123,65,188,0.8768748605787003
dealing,168,89,257,0.8747196344490751
versions,166,88,254,0.8737034475197375
quirky,111,59,170,0.8680127671438341
countries,96,51,147,0.8678871406163349
grey,94,50,144,0.8659615720007507
moved,210,112,322,0.8658258623808318
distant,77,41,118,0.8630156044587858
growing,189,101,290,0.8626487515173885
pleasure,196,105,301,0.8592169440828942
recognized,73,39,112,0.8578222271907344
britain,84,45,129,0.8550154266149609
brian,212,114,326,0.8540458734595933
touch,299,161,460,0.8529524686263338
jack,551,297,848,0.8524018479275498
eccentric,69,37,106,0.8520530127590995
falk,69,37,106,0.8520530127590995
russell,119,64,183,0.8515701830889676
claire,106,57,163,0.8511501998129359
nature,452,244,696,0.8500139575498069
larger,80,43,123,0.8499040127973617
century,313,169,482,0.8491108001971681
oliver,137,74,211,0.8460499184813334
melodrama,122,66,188,0.8432861340328539
academy,190,103,293,0.8420908605254699
progress,74,40,114,0.8412491481090097
job,1453,790,2243,0.8406243343093392
nazi,96,52,148,0.8401421501334309
fine,849,462,1311,0.8390912123120189
contract,83,45,128,0.837840282806829
offers,224,122,346,0.8358643262700493
timing,103,56,159,0.8352386256156104
visually,167,91,258,0.8342480775925654
victor,143,78,221,0.8322168083155338
families,152,83,235,0.8308917705076695
remembered,161,88,249,0.8297154351424003
morality,77,42,119,0.8286640996680088
stood,86,47,133,0.8267032498372496
joseph,142,78,220,0.82212799069195
always,2073,1142,3215,0.8218045124920025
suspenseful,122,67,189,0.8217529724832128
variety,122,67,189,0.8217529724832128
authentic,102,56,158,0.8212317676217313
struggles,100,55,155,0.8185664553602957
believable,453,250,703,0.8182225778647869
ice,156,86,242,0.8173212498273666
expressions,98,54,152,0.8157981252109228
gangster,154,85,239,0.8155411435499498
wealth,69,38,107,0.8140851625600792
union,78,43,121,0.8136078835743719
knowing,283,157,440,0.8099275370864231
timothy,76,42,118,0.8099275370864231
jealous,76,42,118,0.8099275370864231
wayne,130,72,202,0.8099275370864231
wave,103,57,160,0.8099275370864228
eddie,182,101,283,0.8083473671136766
experiences,128,71,199,0.8076838429469617
lives,879,489,1368,0.8073053483997389
french,487,271,758,0.8063806513640844
personalities,99,55,154,0.8041393847250161
japan,176,98,274,0.8034031843462771
brilliance,81,45,126,0.8028641445638542
young,2312,1292,3604,0.8012197156202128
surprises,131,73,204,0.801177274987411
shorts,97,54,151,0.8010766195041574
bound,97,54,151,0.8010766195041574
twists,274,153,427,0.8004981241664922
sutherland,88,49,137,0.800179560534861
mothers,113,63,176,0.7997944310502221
adventures,129,72,201,0.7988298282030922
broadway,145,81,226,0.7980778192086794
wwii,95,53,148,0.7978924721660747
heroic,70,39,109,0.7977012347531637
trio,70,39,109,0.7977012347531637
jeremy,86,48,134,0.7966460159810699
nation,102,57,159,0.7959206790925437
morgan,164,92,256,0.7924929437504022
spielberg,75,42,117,0.7909444337188501
color,249,140,389,0.7904003156478073
overcome,98,55,153,0.7895665836377433
mistaken,66,37,103,0.7883943755367816
tales,105,59,164,0.7882120559307146
appearances,89,50,139,0.7875349250439347
reminiscent,112,63,175,0.7870271349763442
trial,96,54,150,0.786203343022627
charm,257,145,402,0.7854839096937699
realism,168,95,263,0.7811065836775829
understanding,175,99,274,0.7806332302923848
war,1198,680,1878,0.7784934726766113
grand,187,106,293,0.777967795688878
aging,69,39,108,0.7770909550778776
overwhelming,69,39,108,0.7770909550778776
games,215,122,337,0.7768367506180004
world,2279,1296,3575,0.7760258335429433
psychological,169,96,265,0.7746150563997366
rogers,104,59,163,0.7744719993044124
mexico,111,63,174,0.7741458436796117
superior,197,112,309,0.773858282378901
survival,67,38,105,0.7719596868874026
uncle,202,115,317,0.7719596868874025
performing,81,46,127,0.7714999736545194
sent,251,143,394,0.7714382936613124
tradition,102,58,160,0.7710460104535146
tend,137,78,215,0.7705976900518678
humanity,170,97,267,0.7682282458060349
grow,142,81,223,0.7680205853524993
peace,128,73,201,0.7678828348889869
hitchcock,100,57,157,0.7674922707660263
civil,86,49,135,0.767202238088588
symbolism,72,41,113,0.7668002891994827
roman,65,37,102,0.7665349415730425
jazz,65,37,102,0.7665349415730425
generation,140,80,220,0.765440072637782
demons,119,68,187,0.764765355551695
trade,84,48,132,0.7628972246265295
deep,394,226,620,0.7624448804986964
ironically,77,44,121,0.7623216048393129
mainstream,124,71,195,0.7620612258211644
greek,70,40,110,0.7616319800456419
pulls,117,67,184,0.7616319800456419
revolution,117,67,184,0.7616319800456419
family,1940,1115,3055,0.7606685500727808
players,183,105,288,0.7604676946675006
york,494,284,778,0.7594724989840018
gift,82,47,129,0.7583972364463409
age,653,376,1029,0.757468001654978
explore,75,43,118,0.7573918740078238
providing,75,43,118,0.7573918740078238
life,3909,2252,6161,0.757387632371491
washington,160,92,252,0.7569786571374642
madness,101,58,159,0.756901828133245
sisters,153,88,241,0.7564199258186548
clint,68,39,107,0.7561819653148969
jackson,172,99,271,0.7557585616533554
true,1441,831,2272,0.7557132987391106
tribute,87,50,137,0.7549302596120071
dealt,87,50,137,0.7549302596120071
individuals,87,50,137,0.7549302596120071
1950s,163,94,257,0.7528350318084829
helen,92,53,145,0.7518451046466381
share,232,134,366,0.7515551739702424
cuba,66,38,104,0.7504265253377613
approach,235,136,371,0.7487567392244036
human,963,558,1521,0.7486580163438793
redemption,90,52,142,0.7475309999485557
different,1500,870,2370,0.7474577464786601
europe,133,77,210,0.7465021569447893
moves,331,192,523,0.7460810550617968
fathers,157,91,248,0.7454388106347094
brady,64,37,101,0.7443391954588462
describes,64,37,101,0.7443391954588462
epic,193,112,305,0.744339195458846
neighbor,76,44,120,0.743585042257727
documentaries,76,44,120,0.743585042257727
fellow,229,133,362,0.743585042257727
south,289,168,457,0.7427453873388512
jeff,179,104,283,0.7424115322736414
dick,179,104,283,0.7424115322736414
series,2075,1208,3283,0.7421720893694981
stands,251,146,397,0.7415883659147524
discovery,69,40,109,0.7410217003703558
hugh,69,40,109,0.7410217003703558
each,1624,947,2571,0.7397285258025024
fits,134,78,212,0.7387722441964703
answers,110,64,174,0.7386059344996506
alan,211,123,334,0.738077252066745
dance,445,260,705,0.7360726897748869
thanks,291,170,461,0.7356547747077969
received,161,94,255,0.7350785610043251
odds,67,39,106,0.7349654794052012
soviet,67,39,106,0.7349654794052012
tells,554,324,878,0.7348996126940445
julia,113,66,179,0.7331966823211984
enjoy,1135,665,1800,0.732747765326469
differences,72,42,114,0.7324487844087058
desire,191,112,303,0.7293500212393931
bird,65,38,103,0.7285670913740219
countryside,65,38,103,0.7285670913740219
fox,196,115,311,0.7285670913740219
famous,475,279,754,0.7285276885488463
worlds,172,101,273,0.7270472650118283
genuine,160,94,254,0.7261176934327034
smile,182,107,289,0.7254904347093925
league,109,64,173,0.7254904347093922
reminds,187,110,297,0.7247748565232845
jon,114,67,181,0.724318821577586
anna,141,83,224,0.7228845808893031
visit,163,96,259,0.7226204187614752
honor,107,63,170,0.7214387933487673
brothers,386,228,614,0.7202048793982507
web,68,40,108,0.720112710607375
mountains,68,40,108,0.720112710607375
youth,166,98,264,0.7192571781463587
faithful,110,65,175,0.7164101883854543
hilarious,599,355,954,0.7158408243262813
proud,115,68,183,0.7156475889870039
ourselves,93,55,148,0.7144092240690039
kirk,66,39,105,0.7134323178555597
pays,66,39,105,0.7134323178555597
dennis,108,64,172,0.7122546075526983
performed,118,70,188,0.7111225270309386
investigation,81,48,129,0.7107459425754229
shows,1509,898,2407,0.7104109785351563
battles,86,51,137,0.7100583309849791
atmospheric,91,54,145,0.709446144038589
howard,143,85,228,0.7089850423212629
tarzan,173,103,276,0.7072355256104088
viewing,463,276,739,0.7072204889222969
frightening,121,72,193,0.7068340441223193
passion,183,109,292,0.7067798237735125
smaller,64,38,102,0.7063713452598258
losing,136,81,217,0.7059596172202478
finding,223,133,356,0.7053657200272367
piano,74,44,118,0.7053657200272367
shining,79,47,126,0.7049579774848805
colour,84,50,134,0.7045985840618626
adult,313,187,500,0.703505477950269
musical,602,360,962,0.7028926124079744
david,605,362,967,0.702076595323505
heaven,179,107,286,0.7015778147650642
present,366,219,585,0.7015228891299269
vision,184,110,294,0.7015050772004374
dirty,204,122,326,0.7012497244706511
plays,1386,831,2217,0.6995900782836825
vicious,72,43,115,0.6988962246976793
2001,87,52,139,0.6988962246976793
position,112,67,179,0.6988962246976793
accurate,177,106,283,0.6988962246976791
nine,92,55,147,0.6988962246976791
provided,127,76,203,0.6988962246976791
possibility,67,40,107,0.6988962246976791
attitude,147,88,235,0.6988962246976791
roles,687,412,1099,0.6988962246976789
begins,496,298,794,0.6959934167950418
fun,1642,987,2629,0.6959713477893373
success,361,217,578,0.6949108767465001
james,650,391,1041,0.6944673799582277
julie,105,63,168,0.6943451324664921
arrives,100,60,160,0.694119084435807
daily,100,60,160,0.694119084435807
continues,163,98,261,0.6930256365731794
discovered,163,98,261,0.6930256365731794
inevitable,80,48,128,0.6929346664589622
photographed,75,45,120,0.6925407296578556
sacrifice,75,45,120,0.6925407296578556
brown,143,86,229,0.6922093295704362
sympathetic,138,83,221,0.691968504106609
necessary,201,121,322,0.6917541554536594
ease,65,39,104,0.6915728838918205
desperation,65,39,104,0.6915728838918205
ring,186,112,298,0.6911812595696737
among,486,293,779,0.6910099322025323
initially,108,65,173,0.690058861438502
crime,437,264,701,0.6879459251371386
recently,359,217,576,0.6869070002346803
shadows,73,44,117,0.6858695444014395
temple,73,44,117,0.6858695444014395
combination,144,87,231,0.685645201199823
drama,814,493,1307,0.684795244600593
thoroughly,218,132,350,0.68357155058151
brutal,185,112,297,0.6834248159352392
romance,419,254,673,0.682935784895601
finds,590,358,948,0.6818945712267255
brought,458,278,736,0.6811750367864957
guide,76,46,122,0.6801596621160935
treasure,122,74,196,0.679400049071882
modern,533,324,857,0.6792004233567596
chinese,199,121,320,0.677363063148038
depicted,130,79,209,0.6769536718170023
helping,107,65,172,0.6767004785834829
challenge,102,62,164,0.6756264453748321
radio,169,103,272,0.6735851361684917
hatred,74,45,119,0.6733045107949381
crisis,92,56,148,0.6731331286325973
singing,313,191,504,0.673051681408555
contemporary,128,78,206,0.6729344308337241
machines,69,42,111,0.6714807671172788
official,64,39,103,0.6693771377776243
role,1943,1190,3133,0.6690201176003362
especially,1510,925,2435,0.6686519193888398
ordinary,165,101,266,0.6672821201535145
pictures,284,174,458,0.6671322466284026
international,160,98,258,0.6663082981973999
reveal,116,71,187,0.6662454384073636
carter,72,44,116,0.6661062895800096
detail,212,130,342,0.6653436649866525
murphy,111,68,179,0.664798447491251
born,220,135,355,0.664416434735122
intrigue,67,41,108,0.6637067962353792
social,337,207,544,0.663706796235379
lynch,140,86,226,0.6617287231156743
presents,127,78,205,0.6616633184987039
appropriate,135,83,218,0.6603753794112924
san,109,67,176,0.6599020930818157
settings,109,67,176,0.6599020930818157
welcome,130,80,210,0.6589197489867407
glenn,70,43,113,0.6585384870815385
alike,78,48,126,0.6566385372359723
primary,65,40,105,0.6555036291842986
wise,149,92,241,0.654550844213266
cooper,94,58,152,0.6538083351691412
strongly,136,84,220,0.6538083351691412
detective,270,167,437,0.6533981290131535
lose,210,130,340,0.6517010570279845
ways,492,305,797,0.650881975056482
broadcast,68,42,110,0.6505717773542979
genuinely,155,96,251,0.650244363393995
40s,76,47,123,0.649462864893177
karloff,76,47,123,0.649462864893177
dream,377,234,611,0.6488193522285379
eric,150,93,243,0.6486558474035383
criminal,195,121,316,0.6481429242330444
ryan,129,80,209,0.6478220401034098
critics,248,154,402,0.6475696441893847
sinister,100,62,162,0.6471980370483146
disc,63,39,102,0.6468345691265359
rap,71,44,115,0.6460685363434647
horrors,79,49,128,0.6454569657362189
searching,87,54,141,0.6449574175868754
familiar,323,201,524,0.6449165039960132
lewis,127,79,206,0.6434011121059755
remains,268,167,435,0.6426916231717511
higher,175,109,284,0.6424707912348603
happy,558,348,906,0.6423292551463651
comedies,263,164,427,0.6416460084334461
fourth,106,66,172,0.6413578152561216
dated,162,101,263,0.6408906212621136
history,798,499,1297,0.6387383601502873
closely,85,53,138,0.6383161590162238
hamlet,85,53,138,0.6383161590162238
justice,254,159,413,0.6360398628422989
fully,254,159,413,0.6360398628422989
hearts,88,55,143,0.6351203142643647
intelligent,322,202,524,0.6333078830701023
chief,134,84,218,0.6325135568059128
stunts,83,52,135,0.6313894053394027
african,110,69,179,0.6308921171993971
cup,75,47,122,0.630479761525604
reality,585,368,953,0.6299351819376185
visual,318,200,518,0.629621766332853
upper,67,42,109,0.6293552914446023
thrilling,94,59,153,0.6293552914446021
popular,329,207,536,0.6290977593052377
decades,105,66,171,0.6277473837374683
struggle,197,124,321,0.6276375415278572
silence,78,49,127,0.6271947593434904
warner,97,61,158,0.6267464389418439
episode,999,630,1629,0.6266408269478807
irish,116,73,189,0.6264444303493887
surprised,490,309,799,0.6262443575364471
max,127,80,207,0.6253671892757138
puts,233,147,380,0.6246382259919313
marry,138,87,225,0.6244616847483323
ted,100,63,163,0.6242976349382358
sometimes,733,463,1196,0.6241582575793321
shall,81,51,132,0.6241582575793321
represents,81,51,132,0.6241582575793321
wallace,62,39,101,0.6239341670164571
follows,304,192,496,0.6235144128555417
pride,92,58,150,0.6229473714643805
keeps,394,249,643,0.6229161152076711
nonetheless,103,65,168,0.6219945864933479
married,351,222,573,0.6216499837502484
cameron,65,41,106,0.6203142007219985
defeat,65,41,106,0.6203142007219985
mixed,166,105,271,0.6202098088955499
forces,166,105,271,0.6202098088955499
caine,109,69,178,0.6177766174091388
john,1303,827,2130,0.6174899963724493
duo,68,43,111,0.6170192176432716
identify,79,50,129,0.6166021030640336
minor,244,155,399,0.6148505153531043
birth,115,73,188,0.6140073271111662
techniques,82,52,134,0.6140073271111662
slowly,250,159,409,0.6131848099618119
hidden,206,131,337,0.613009612658616
flaws,220,140,360,0.6121391558680676
physical,187,119,306,0.6118106079339677
miss,518,330,848,0.6116243478370071
tour,85,54,139,0.6115988206404442
segments,85,54,139,0.6115988206404442
caught,336,214,550,0.6115594876422443
francisco,74,47,121,0.6112435426626867
enormous,63,40,103,0.610765314419014
spirit,317,202,519,0.610765314419014
language,306,195,501,0.6106490969149022
tracy,91,58,149,0.6072657492321111
liked,919,588,1507,0.6057377899049664
late,694,444,1138,0.6057219056830956
twisted,119,76,195,0.6054095958195699
dancing,308,197,505,0.6053484666164256
fame,133,85,218,0.6047740473331291
persons,83,53,136,0.6041679366043784
silent,262,168,430,0.6014994619030996
seat,128,82,210,0.6012329654795353
comedic,187,120,307,0.5997880796847546
information,201,129,330,0.5997583713728863
cynical,92,59,151,0.5984943277398413
years,2758,1774,4532,0.5984020366036223
marks,78,50,128,0.5983398966713053
enters,78,50,128,0.5983398966713053
fitting,78,50,128,0.5983398966713053
reynolds,78,50,128,0.5983398966713053
explored,64,41,105,0.5981184546078023
travels,64,41,105,0.5981184546078023
grew,151,97,248,0.5977743002548132
learned,154,99,253,0.5967690378921987
stronger,81,52,133,0.596413267096428
michael,764,492,1256,0.5963234075485391
murder,624,402,1026,0.5956434191374511
elizabeth,98,63,161,0.5952977632156833
experience,637,411,1048,0.5934635418560676
likable,228,147,375,0.5934098413403389
closer,124,80,204,0.5910156844849369
catch,263,170,433,0.5899618531445151
boss,241,156,397,0.5877911624346278
played,1541,999,2540,0.5869870478940207
often,959,622,1581,0.58613959977141
rachel,102,66,168,0.5861282945357293
2002,65,42,107,0.5859626959312216
detailed,65,42,107,0.5859626959312216
pacino,105,68,173,0.5849977362781315
important,547,355,902,0.5849400354005934
lawyer,125,81,206,0.5847460302511674
documentary,548,356,904,0.5835201744907778
visuals,151,98,249,0.5830527945480475
controversial,91,59,150,0.582812705507572
robert,560,364,924,0.5827261890099626
outcome,71,46,117,0.5826431562018312
beings,77,50,127,0.5798435530539158
format,106,69,175,0.5776991780338038
lights,109,71,180,0.5768463533542569
loves,256,167,423,0.5767283607933923
spots,86,56,142,0.57637989575301
vincent,86,56,142,0.57637989575301
chaos,63,41,104,0.5755758859567139
advantage,92,60,152,0.5744488537731903
artists,121,79,200,0.5738601788528986
shop,150,98,248,0.5734984878347988
concerning,69,45,114,0.5730770630562841
breath,98,64,162,0.5727551945645951
score,608,398,1006,0.5726081692547295
pace,327,214,541,0.57244788945674
notably,72,47,119,0.5719841122154596
increasingly,78,51,129,0.5700508522398816
quest,110,72,182,0.5699240999079702
events,544,357,901,0.568919437582628
miniseries,84,55,139,0.5683942004635514
team,466,306,772,0.5679206376924502
africa,125,82,207,0.5671519702364294
support,236,155,391,0.5668562337402656
flawed,93,61,154,0.5663105850798699
clean,134,88,222,0.5657874430050996
pet,96,63,159,0.5657029810273875
believes,137,90,227,0.5653725518602897
cary,61,40,101,0.5645951329860881
cultural,102,67,169,0.5645951329860881
rank,61,40,101,0.5645951329860881
bold,61,40,101,0.5645951329860881
twelve,64,42,106,0.5637669498170254
areas,70,46,116,0.5623231718222352
own,2009,1325,3334,0.5622305377229595
glad,270,178,448,0.5616351503291884
australian,123,81,204,0.5615697078850731
superhero,76,50,126,0.56110699047233
realise,76,50,126,0.56110699047233
wild,250,165,415,0.5599100169194635
2006,91,60,151,0.5587672315409209
bridge,91,60,151,0.5587672315409209
fortunately,94,62,156,0.5583887700904585
regular,159,105,264,0.5582440555891571
battle,360,238,598,0.557940623766784
older,390,258,648,0.5570888983585177
light,518,343,861,0.5559645205265986
witness,124,82,206,0.5556103483537382
equally,255,169,424,0.5539686483327506
discover,160,106,266,0.5536504974279379
adam,166,110,276,0.5534064382113034
later,1305,866,2171,0.5532614336841454
studio,288,191,479,0.5531575572519986
johnny,175,116,291,0.5530717061817534
maggie,62,41,103,0.5526754838466353
neighbors,62,41,103,0.5526754838466353
rarely,187,124,311,0.5526754838466351
enjoys,68,45,113,0.5521680732933034
grows,80,53,133,0.551380522244943
cousin,83,55,138,0.5512190566554195
michelle,98,65,163,0.550559448450399
political,349,232,581,0.5499923699115158
deserved,164,109,273,0.549087344665541
lord,194,129,323,0.5487486878311111
younger,299,199,498,0.5480978870979131
including,612,408,1020,0.5463043962757224
met,171,114,285,0.5447916086073415
dark,809,540,1349,0.5446670930993887
lucky,141,94,235,0.5443464491422826
evening,138,92,230,0.5442913360643491
gordon,126,84,210,0.5440447689435987
viewed,123,82,205,0.5439756478703351
clark,108,72,180,0.5435727729610178
protect,99,66,165,0.5432728155739323
wealthy,90,60,150,0.5429132803400836
particular,437,292,729,0.5427770227803974
shed,84,56,140,0.5426311043984696
live,878,587,1465,0.5423840650874872
reallife,75,50,125,0.5421238871047571
spirits,69,46,115,0.5417128921469492
complain,69,46,115,0.5417128921469492
step,199,133,332,0.5414796350662651
undoubtedly,63,42,105,0.5412243811659371
revolutionary,60,40,100,0.5409438649214428
blew,60,40,100,0.5409438649214428
recommend,999,669,1668,0.5400531419517902
decade,148,99,247,0.5396251307885899
festival,236,158,394,0.539287973731461
levels,136,91,227,0.5389879331672831
herself,479,321,800,0.5386427082216564
bill,358,240,598,0.5378668554633361
imagery,109,73,182,0.537045345296282
notorious,103,69,172,0.5364765153072907
enjoying,97,65,162,0.5358379427436335
established,94,63,157,0.5354883679803797
humorous,155,104,259,0.5353422685811928
small,943,634,1577,0.5343329842908123
queen,195,131,326,0.534036438546523
wing,79,53,132,0.5333465994146814
harsh,119,80,199,0.5318805603976046
proves,214,144,358,0.5318387855303397
mel,70,47,117,0.5316263745993187
futuristic,70,47,117,0.5316263745993187
details,242,163,405,0.5306247421078807
song,580,391,971,0.5302143901059988
skill,107,72,179,0.5302143901059986
mixture,61,41,102,0.5294057045237881
disney,385,260,645,0.5273781181679992
cold,302,204,506,0.5267649297516809
sends,83,56,139,0.5254559605903377
guest,77,52,129,0.523809518139588
comics,77,52,129,0.523809518139588
border,71,48,119,0.5218891251227348
choices,99,67,166,0.5217396540242911
well,5711,3875,9586,0.521417865463531
between,2003,1359,3362,0.5213769889375108
united,124,84,208,0.5210531263173696
subjects,68,46,114,0.5208039023839683
turner,68,46,114,0.5208039023839683
successful,308,209,517,0.5202508759815393
engaged,65,44,109,0.5196202011025255
focused,115,78,193,0.5190589230559035
shape,87,59,146,0.5183239790558583
photography,237,161,398,0.5183239790558583
business,356,242,598,0.5178479599008712
parker,134,91,225,0.5176931548040548
cinema,848,577,1425,0.5170243437707166
culture,269,183,452,0.5164358404407658
kong,150,102,252,0.5160702077857291
humour,260,177,437,0.515394978417937
released,574,391,965,0.5152252158865456
although,1482,1010,2492,0.5148934135851038
still,3311,2258,5569,0.5140505749871632
recognize,116,79,195,0.5132338199013978
opposite,157,107,264,0.5129457993292916
wide,135,92,227,0.5126982113690325
suits,72,49,121,0.5124831004667979
revealing,72,49,121,0.5124831004667979
reed,88,60,148,0.5106729433398759
relatively,126,86,212,0.5102959775890585
collection,202,138,340,0.5099665622542717
ray,199,136,335,0.5094184258339663
genre,693,474,1167,0.5094184258339663
dynamic,66,45,111,0.5094184258339661
release,456,312,768,0.5086893009662459
become,913,625,1538,0.5083254749931418
factory,82,56,138,0.5080738823621013
versus,63,43,106,0.5076718214549106
exciting,298,204,502,0.5075607188545291
print,114,78,192,0.5065136697367898
system,216,148,364,0.5058347244574323
enemies,60,41,101,0.5057544364591428
instantly,76,52,128,0.5050729555580021
projects,76,52,128,0.5050729555580021
stories,685,470,1155,0.504892573582162
view,539,370,909,0.504080047713656
poverty,73,50,123,0.5033914926160427
broke,89,61,150,0.5032319024564897
storytelling,121,83,204,0.5030388416632018
form,444,305,749,0.5029416695425133
shakespeare,134,92,226,0.502011532571785
early,916,630,1546,0.501569140743139
wicked,70,48,118,0.501569140743139
restaurant,67,46,113,0.49958741647427274
uses,318,219,537,0.4990030632524152
jerry,212,146,358,0.4984928071342893
entertaining,841,580,1421,0.4975978349958556
birds,64,44,108,0.4974244549883295
accept,177,122,299,0.49696790592094686
corner,90,62,152,0.4959922329525912
past,743,513,1256,0.49589909626569656
wind,155,107,262,0.4945085510726153
starring,275,190,465,0.49419195160930857
soundtrack,447,309,756,0.4938789034688273
engaging,178,123,301,0.493343662975895
win,282,195,477,0.49301289052667074
ambitious,71,49,120,0.492445347230253
neat,84,58,142,0.4924453472302528
red,442,306,748,0.4917210118110513
movement,117,81,198,0.4897194228653951
german,290,201,491,0.4896889554080347
understood,104,72,176,0.48938067259742113
includes,189,131,320,0.48906567941026236
thoughts,127,88,215,0.4886785173073333
return,366,254,620,0.4880781725895899
bruce,216,150,366,0.4865341684984959
mine,157,109,266,0.4863515893175783
summer,210,146,356,0.4848501991756211
son,720,501,1221,0.48467936009403983
parents,447,311,758,0.4845861496590899
accused,72,50,122,0.4836282377946127
territory,72,50,122,0.4836282377946127
personally,260,181,441,0.48324445481423073
travel,138,96,234,0.483215759312581
becoming,204,142,346,0.48306955442111804
vast,59,41,100,0.48170896249249195
everyones,59,41,100,0.48170896249249195
performer,59,41,100,0.48170896249249195
chemistry,284,198,482,0.4812202756950971
mitchell,69,48,117,0.4809588610678527
reactions,79,55,134,0.4803977194657224
notable,99,69,168,0.4796141783516146
ago,600,419,1019,0.479424065797284
mrs,146,102,248,0.47720738544827485
british,519,363,882,0.4770990155160903
dramatic,376,263,639,0.4767775335661867
mary,303,212,515,0.47616430576209096
became,410,287,697,0.47575089647754043
normal,260,182,442,0.4753175390426019
may,1971,1381,3352,0.4749887788267976
helped,190,133,323,0.47488188633724115
grant,140,98,238,0.4743051312960227
thriller,458,321,779,0.4740336267985802
harris,144,101,245,0.4715203958469756
cinematography,571,401,972,0.4712841412286367
media,171,120,291,0.4711060604743239
sin,87,61,148,0.4706272370245619
painting,77,54,131,0.4698707110287842
thankfully,104,73,177,0.46961741777599136
kenneth,67,47,114,0.4688906192513561
threat,67,47,114,0.4688906192513561
foreign,138,97,235,0.4683424828310505
peter,439,309,748,0.4678543864606125
seven,199,140,339,0.46774924653289285
fairy,108,76,184,0.46609402028330066
devoted,64,45,109,0.4653632457560308
murderous,64,45,109,0.4653632457560308
fiction,244,172,416,0.4651687338181754
shadow,98,69,167,0.4650413772643418
throughout,798,563,1361,0.4648074277704845
fate,156,110,266,0.46404691807265985
plenty,367,259,626,0.4639403418973192
california,105,74,179,0.4638612987764965
recent,299,211,510,0.46382897020030917
spooky,71,50,121,0.4635904845580679
nazis,71,50,121,0.4635904845580679
directorial,71,50,121,0.4635904845580679
theme,466,329,795,0.46352924637517995
breaking,112,79,191,0.462828866464155
element,228,161,389,0.4625906308956177
screening,95,67,162,0.4625438615163909
remarkably,61,43,104,0.4615016400219845
beloved,102,72,174,0.4615016400219845
animals,239,169,408,0.4606710131313093
certain,448,317,765,0.4602820237912059
stage,397,281,678,0.45975056862296115
day,1454,1030,2484,0.45910942209252315
whose,573,406,979,0.45846876447227036
theatrical,130,92,222,0.4584551665850454
escape,309,219,528,0.4576491002103794
lived,206,146,352,0.4571717475286703
riding,89,63,152,0.4570617210235636
spell,72,51,123,0.4553391933631889
doc,72,51,123,0.4553391933631889
dvds,72,51,123,0.4553391933631889
creating,162,115,277,0.4544774970312322
key,207,147,354,0.45432701251655655
various,353,251,604,0.4530824455353447
japanese,405,288,693,0.45306122610326355
actions,180,128,308,0.4521611082247658
appealing,128,91,219,0.4518553414413087
matt,128,91,219,0.4518553414413087
rich,333,237,570,0.4516898784977478
torn,83,59,142,0.4508171596975819
gain,83,59,142,0.4508171596975819
country,504,359,863,0.45079312919853226
deal,414,295,709,0.45014460184969113
america,369,263,632,0.4497020330404094
bringing,125,89,214,0.44965840721798894
crowd,125,89,214,0.44965840721798894
richard,482,344,826,0.4479555899826246
study,143,102,245,0.447357457701715
reached,66,47,113,0.44735745770171476
currently,66,47,113,0.44735745770171476
persona,73,52,125,0.44735745770171476
competition,73,52,125,0.44735745770171476
truly,1015,725,1740,0.4470733507608816
created,308,220,528,0.44642246412337055
friend,779,557,1336,0.44550784842159064
frame,126,90,216,0.4450783181425778
boys,387,277,664,0.4436391694556046
drawn,222,159,381,0.44217954262036363
songs,523,375,898,0.4413072599480097
concerns,81,58,139,0.44029406517914615
others,964,692,1656,0.4398977976440259
personality,191,137,328,0.43984340404440836
indeed,415,298,713,0.43904817603701235
change,550,395,945,0.43899549962305046
addition,202,145,347,0.438833385395176
meet,387,278,665,0.4384496133530413
busy,92,66,158,0.43802965554659534
tom,430,309,739,0.4380044587140523
sing,149,107,256,0.43773945514011786
roger,117,84,201,0.43756814081428846
brother,577,415,992,0.4369031000645483
classics,135,97,232,0.4367493581357339
memory,171,123,294,0.4356281651196078
led,189,136,325,0.43522752778271195
building,218,157,375,0.4342120816447925
originally,168,121,289,0.43372290810755065
angel,125,90,215,0.4336282973990399
host,82,59,141,0.43343508146934534
sandler,82,59,141,0.43343508146934534
task,100,72,172,0.4330732316954672
ironic,93,67,160,0.43200949336827893
combined,115,83,198,0.42997537947347825
central,238,172,410,0.42932353487145325
composed,61,44,105,0.42871170490431504
creative,206,149,355,0.4279269277528134
encounter,101,73,174,0.42759420288028505
rights,105,76,181,0.4256419765460064
states,196,142,338,0.4254980237379756
western,327,237,564,0.4254980237379756
stranger,87,63,150,0.424457055591636
husbands,87,63,150,0.424457055591636
price,160,116,276,0.424173972999496
professional,182,132,314,0.42383473484829104
our,1451,1054,2505,0.42291610736444313
rooms,58,42,100,0.42290441397717593
streisand,69,50,119,0.4226602205031857
hunting,80,58,138,0.4224827890626855
universe,113,82,195,0.4221569035765722
mother,785,571,1356,0.4207884076111912
path,110,80,190,0.4189163118082876
chance,611,445,1056,0.4188576975369378
terms,250,182,432,0.4188447699593018
art,675,492,1167,0.41776267551341895
record,162,118,280,0.41748328954903063
known,554,404,958,0.4169783882632054
men,1042,760,1802,0.41695786113900224
able,717,523,1240,0.4167199251637147
town,688,502,1190,0.4162636886001462
working,433,316,749,0.41575712432496664
manages,337,246,583,0.4152304860917547
struck,70,51,121,0.4149814557470482
contains,237,173,410,0.41492248117152214
allen,189,138,327,0.4142425026533763
consistently,59,43,102,0.41380489799068854
monkeys,59,43,102,0.41380489799068854
similar,487,356,843,0.41343077272455775
man,3044,2226,5270,0.41335833169314673
dangerous,167,122,289,0.4133099768740372
medium,74,54,128,0.41291482621670805
allowing,74,54,128,0.41291482621670805
wars,186,136,322,0.4122053098668583
situation,384,281,665,0.41177930641307
dorothy,78,57,135,0.4110613284787248
living,602,441,1043,0.410478434000331
dress,97,71,168,0.40938960750269443
search,172,126,298,0.4093896075026942
community,165,121,286,0.4078055337329098
creation,71,52,123,0.40755644964374
private,154,113,267,0.4068451711449327
tough,252,185,437,0.40679483154982676
bit,1745,1282,3027,0.40661216158980995
revelation,75,55,130,0.405919503506446
occurs,75,55,130,0.405919503506446
prime,109,80,189,0.4058008120180295
discuss,60,44,104,0.40506043683966964
range,132,97,229,0.4044488662324239
checking,79,58,137,0.4044488662324239
comic,477,351,828,0.4039066743820489
movements,64,47,111,0.40330227762377935
earlier,379,279,658,0.4031822331037491
noted,83,61,144,0.4031204176662856
tone,277,204,481,0.4023175588271925
mountain,106,78,184,0.40201950186568425
lesser,87,64,151,0.40191448694054777
kinds,110,81,191,0.40110503569182704
halloween,133,98,231,0.4005747427626506
issues,240,177,417,0.4001484999094706
narrative,240,177,417,0.4001484999094706
learning,99,73,172,0.39888290623875766
adults,210,155,365,0.39883628346726663
somewhat,551,407,958,0.3984914570044157
library,80,59,139,0.39802974533814656
views,103,76,179,0.39802974533814633
tape,130,96,226,0.39737958983327726
recall,130,96,226,0.39737958983327726
explosions,61,45,106,0.3966504956720164
eight,115,85,200,0.39582715706163263
overall,816,604,1420,0.3956411768440446
rock,462,342,804,0.3952800080872586
obsession,92,68,160,0.3952800080872583
eye,420,311,731,0.39480426776261557
destruction,73,54,127,0.3934186505909109
top,860,638,1498,0.3924192028689528
happily,85,63,148,0.391098458645205
audiences,303,225,528,0.3904997135317742
quite,2132,1584,3716,0.3904487123548917
portrayed,342,254,596,0.390368962303667
wit,128,95,223,0.39012635168960264
television,502,373,875,0.3899459838085268
protagonists,93,69,162,0.38988401769560227
style,830,617,1447,0.3894716620218092
picks,97,72,169,0.3893518542661494
together,1264,940,2204,0.38899781867151634
places,234,174,408,0.38829151683719726
italian,281,209,490,0.38811530891235096
shoes,66,49,115,0.3878564459530531
worried,66,49,115,0.3878564459530531
soon,678,505,1183,0.38656835404731266
soul,231,172,403,0.38634646212617796
new,2433,1813,4246,0.38618665983969547
remember,969,722,1691,0.38617394125022436
glory,82,61,143,0.385738339438049
trip,271,202,473,0.38496092056384734
usa,98,73,171,0.38431010515148484
game,706,527,1233,0.38344909727086485
setting,351,262,613,0.3831378970505232
featuring,158,118,276,0.38152641177262125
intriguing,170,127,297,0.3812051226967876
represent,59,44,103,0.38101496287301884
neil,67,50,117,0.38053474483050914
heat,71,53,124,0.3803349809087155
condition,79,59,138,0.37999582250788483
taylor,155,116,271,0.3785152560077952
steve,263,197,460,0.37788093910422227
period,421,316,737,0.3752577620452141
village,140,105,245,0.3752577620452139
center,128,96,224,0.37509814245727086
miller,84,63,147,0.37412538004149143
perform,84,63,147,0.37412538004149143
creators,76,57,133,0.37382842227974955
lloyd,76,57,133,0.37382842227974955
whom,366,275,641,0.37369151009412743
thumbs,72,54,126,0.37365539576948104
officers,64,48,112,0.3732450437675992
number,568,427,995,0.3731665596504608
backdrop,60,45,105,0.3729992276073711
90s,145,109,254,0.37201891383858354
praise,97,73,170,0.3695885994447195
himself,1223,922,2145,0.3693239156631044
voices,122,92,214,0.3671871090177315
music,1695,1280,2975,0.36693416195943523
displays,65,49,114,0.36599701198931367
actresses,188,142,330,0.3655332347480333
american,1153,872,2025,0.36472159811744115
ties,57,43,100,0.3644771856271201
takes,1232,932,2164,0.3643426466541468
makes,2384,1805,4189,0.36321899297719046
lessons,86,65,151,0.36313585663074743
dvd,1254,950,2204,0.3622845692920935
truth,392,297,689,0.36173361611515636
conversation,107,81,188,0.3613953258898556
capture,161,122,283,0.36068304622282726
george,468,355,823,0.36013011857124455
highlights,70,53,123,0.3600149965291196
yet,1536,1166,2702,0.35939209014023604
goldberg,66,50,116,0.35900158328086784
williams,195,148,343,0.35863630703805965
year,1053,800,1853,0.35814763683252226
husband,512,389,901,0.35785930686261214
innovative,62,47,109,0.35785930686261214
naive,121,92,213,0.35536167362094173
weeks,117,89,206,0.3546317998322164
decision,134,102,236,0.35391289358265116
shown,563,429,992,0.3536881095652305
partly,71,54,125,0.353617642532936
conflict,151,115,266,0.3533555725883662
fictional,105,80,185,0.35211294112404096
lesson,143,109,252,0.3520504976059874
boy,789,602,1391,0.351908655274386
antics,63,48,111,0.35070247511651104
north,114,87,201,0.34992330679608785
pitch,76,58,134,0.34895375364072034
foster,93,71,164,0.34895375364072034
wins,93,71,164,0.34895375364072034
baker,76,58,134,0.34895375364072034
surrounding,76,58,134,0.34895375364072034
current,144,110,254,0.3489537536407201
mans,208,159,367,0.34842159021126734
months,157,120,277,0.3482493126887901
side,677,518,1195,0.3478075879594812
stops,89,68,157,0.3477143248352026
follow,409,313,722,0.3473286393704425
surprise,397,304,701,0.3464432627968583
cameos,85,65,150,0.3463601438799206
pilot,162,124,286,0.3462246063792087
latter,192,147,339,0.346074121864533
hunt,115,88,203,0.346074121864533
groups,64,49,113,0.34380126587511767
choreography,64,49,113,0.34380126587511767
certainly,822,631,1453,0.3431635753665245
story,6604,5071,11675,0.34296745857498884
note,379,291,670,0.3425346327464428
thrill,60,46,106,0.3416350566980361
ian,73,56,129,0.3414240129526496
ladies,164,126,290,0.3408808295724043
event,203,156,359,0.3407967678651018
pure,316,243,559,0.34021435787747234
hotel,212,163,375,0.3401028360584546
haunted,121,93,214,0.33984867424961723
spoil,121,93,214,0.33984867424961723
told,590,454,1044,0.33958739573452307
attracted,69,53,122,0.33940471685383344
viewers,478,368,846,0.3387849359224288
times,1805,1391,3196,0.33768814214850545
nice,1116,860,1976,0.337666784313743
length,148,114,262,0.337045963235295
portray,148,114,262,0.337045963235295
stone,170,131,301,0.33663957026334324
numbers,205,158,363,0.33658618407374863
thank,240,185,425,0.3365483376807114
kim,109,84,193,0.335838253850462
billy,201,155,356,0.3357958889288378
president,131,101,232,0.3355137026385991
remain,118,91,209,0.3349740411456896
journalist,61,47,108,0.33458952753976484
rocks,83,64,147,0.33440766758227136
50s,127,98,225,0.33423224793395456
king,501,387,888,0.33398402098205376
angles,114,88,202,0.33352886854541924
many,3753,2901,6654,0.33336818463709517
admire,70,54,124,0.33329765815334017
features,361,279,640,0.33307799463940063
attention,499,386,885,0.3319468943990441
joe,371,287,658,0.33173088523833155
richards,57,44,101,0.3316872505094507
deserves,332,257,589,0.330712538849444
office,301,233,534,0.33066608272189585
surface,106,82,188,0.33031803651149555
rochester,75,58,133,0.3299706502731474
pair,133,103,236,0.3291396047197016
bus,102,79,181,0.3285277747525638
2004,62,48,110,0.32780207300643227
bobby,71,55,126,0.3273861009597565
locations,147,114,261,0.3272979866837329
fish,80,62,142,0.32706322398400306
occasionally,143,111,254,0.325937657286856
slight,76,59,135,0.3245007099161812
join,94,73,167,0.3245007099161812
picture,815,634,1449,0.32399534340225117
plans,113,88,201,0.3208735677393904
filled,281,219,500,0.32084461307634454
children,740,577,1317,0.32060941951690103
opinion,527,411,938,0.3202092937043949
sister,418,326,744,0.3200752615353859
enter,109,85,194,0.3188651752467487
afternoon,100,78,178,0.31836157281877453
scott,292,228,520,0.31817308994417004
peoples,151,118,269,0.3163613651061647
frequently,87,68,155,0.3151096594032751
spin,64,50,114,0.3149464032029324
thomas,129,101,230,0.3134030010328508
survive,143,112,255,0.3130563659901236
reminded,194,152,346,0.3128915430674163
notes,69,54,123,0.31268737847805406
bride,69,54,123,0.31268737847805406
usual,537,421,958,0.3126627540662133
edward,111,87,198,0.3116194186194489
ingredients,60,47,107,0.31093825947511966
hasnt,209,164,373,0.3107932904955832
typical,433,340,773,0.3103078257412367
independent,172,135,307,0.31023414084313267
loss,149,117,266,0.3094153581645784
inspiration,93,73,166,0.3091527455827454
charles,224,176,400,0.3089778920014396
guessing,84,66,150,0.30752763131246746
began,178,140,318,0.3072845743396465
doors,70,55,125,0.3070661165801607
knowledge,155,122,277,0.3060634616595049
indian,221,174,395,0.30601029287683923
cast,2089,1647,3736,0.3048099239584681
wife,1102,869,1971,0.3044513536697687
full,913,720,1633,0.304336928984214
moments,921,727,1648,0.3029675483665401
clever,294,232,526,0.3029675483665401
fans,784,619,1403,0.3025997953589689
viewer,666,526,1192,0.30210197459472926
former,281,222,503,0.3012602167579426
humor,721,570,1291,0.3007031387339895
circumstances,119,94,213,0.30055501429114895
difficult,387,306,693,0.30023986700229144
reaches,57,45,102,0.2996260412771519
fond,57,45,102,0.2996260412771519
showed,273,216,489,0.29910443859730457
honest,259,205,464,0.2985267752076708
gold,144,114,258,0.29765252493520783
emotion,217,172,389,0.29634966960203224
returns,169,134,303,0.2956097311111928
final,736,584,1320,0.29541313103566597
opens,145,115,260,0.2950569320236993
aware,145,115,260,0.2950569320236993
forever,213,169,382,0.29488142701561953
racism,82,65,147,0.29482984323983863
message,456,362,818,0.2945644956133982
street,369,293,662,0.2941444915675716
violent,282,224,506,0.2934660530928761
ford,136,108,244,0.29313653900684633
judge,151,120,271,0.2922152777744622
heston,68,54,122,0.2917783887150734
magazine,73,58,131,0.29123825578443285
along,976,777,1753,0.29070799940029984
technique,83,66,149,0.2903524875043355
focus,275,219,494,0.2897620095672725
wedding,167,133,300,0.28925198418905396
english,518,413,931,0.2883872901734241
once,1271,1014,2285,0.2876932274649204
atlantis,59,47,106,0.28689278550846886
hollywoods,59,47,106,0.28689278550846886
contrary,64,51,115,0.28665735877150855
chances,74,59,133,0.286281387685691
hanks,79,63,142,0.2861288990436624
internet,84,67,151,0.2859944697628265
angle,99,79,178,0.2856722957907666
insight,104,83,187,0.28558547013830365
legend,164,131,295,0.2849554149744121
powers,169,135,304,0.2849230523139454
partner,145,116,261,0.2826198287854767
rise,125,100,225,0.2824224933033163
round,125,100,225,0.2824224933033163
convey,95,76,171,0.2819716158745699
prison,266,213,479,0.2818300936701586
mob,85,68,153,0.2817510624568441
birthday,75,60,135,0.28147213258195736
eva,70,56,126,0.28130302051507894
smart,211,169,380,0.28130302051507866
returned,65,52,117,0.28110811440280076
caused,131,105,236,0.2797504311165901
named,435,349,784,0.2793108937549012
leading,339,272,611,0.27908597511191596
westerns,91,73,164,0.2779581239791512
include,208,167,375,0.27781691863100194
sequence,478,384,862,0.2774659570556719
inside,331,266,597,0.2768039678848851
oil,76,61,137,0.2768039678848848
homeless,76,61,137,0.2768039678848848
copy,316,254,570,0.27647047388411927
learn,398,320,718,0.2761859979032037
indians,66,53,119,0.27574607963151576
play,1197,963,2160,0.27559971485929446
ups,56,45,101,0.2743149527479644
raised,92,74,166,0.2741435705856235
leads,416,335,751,0.273934359696837
veteran,108,87,195,0.27227075114362354
solve,77,62,139,0.27227075114362354
flaw,77,62,139,0.27227075114362354
presented,227,183,410,0.27201711277431884
held,186,150,336,0.2713427740270088
status,98,79,177,0.27109949470349387
mark,343,277,620,0.26975295811210487
anne,114,92,206,0.2697529581121046
existed,62,50,112,0.2695034324417653
occurred,62,50,112,0.2695034324417653
financial,57,46,103,0.26826187036781696
surviving,57,46,103,0.26826187036781696
easier,73,59,132,0.2667852120598939
unknown,157,127,284,0.2667852120598939
narration,105,85,190,0.2651773043527602
moore,105,85,190,0.2651773043527602
storm,84,68,152,0.2647779838531306
luck,137,111,248,0.2643185390231902
home,1006,816,1822,0.2637530118911179
historical,222,180,402,0.26373712949806205
criminals,95,77,172,0.2632350532929842
several,780,633,1413,0.2629846433685724
hollywood,966,784,1750,0.26292691577461147
scheme,58,47,105,0.26243974178392976
decisions,58,47,105,0.26243974178392976
carried,90,73,163,0.2621041727783138
thus,229,186,415,0.2612491536900432
elements,427,347,774,0.2608420726938634
power,502,408,910,0.2607181484520806
lover,192,156,348,0.26062641918111823
films,4327,3518,7845,0.2605039371076837
extra,160,130,290,0.26045412108389165
against,808,657,1465,0.2601875098254702
moral,198,161,359,0.2595354729805057
died,280,228,508,0.2577372360821961
moment,604,492,1096,0.257549245436858
changed,264,215,479,0.2575104835564006
showing,426,347,773,0.25746339423889336
universal,108,88,196,0.255876312892955
technology,130,106,236,0.2551270068755191
kiss,92,75,167,0.25490735172270607
ones,653,533,1186,0.25462959550248127
drunken,65,53,118,0.2538866456677764
intrigued,65,53,118,0.2538866456677764
presentation,87,71,158,0.25327040558541236
books,284,232,516,0.2531285668426613
newspaper,60,49,109,0.25143724772645804
costumes,225,184,409,0.25143724772645804
rage,60,49,109,0.25143724772645804
luckily,71,58,129,0.25143724772645804
imagination,192,157,349,0.25143724772645776
proved,137,112,249,0.25143724772645776
voice,562,460,1022,0.25058257054453703
heroes,165,135,300,0.2504689959848192
rule,99,81,180,0.24982709684404436
fortune,77,63,140,0.24937034903354457
bob,138,113,251,0.2491243092897464
response,66,54,120,0.24902874125573607
west,249,204,453,0.24886960292698468
specifically,55,45,100,0.24855185668288274
career,538,441,979,0.24846353742721444
find,2261,1854,4115,0.2481803586598746
commentary,172,141,313,0.24772493936512194
aspects,217,178,395,0.2470219572384639
soldier,178,146,324,0.24695404013832473
wilson,100,82,182,0.24666010746458583
london,234,192,426,0.24666010746458583
star,1022,839,1861,0.24642924342355424
asks,184,151,335,0.2462336531189181
grown,117,96,213,0.24599053982839245
days,699,574,1273,0.24594779505011308
attraction,78,64,142,0.245324123999846
spiritual,67,55,122,0.24433036123219806
citizen,67,55,122,0.24433036123219806
training,118,97,215,0.24334356568012142
dutch,56,46,102,0.24295078183862942
subtlety,56,46,102,0.24295078183862942
members,299,246,545,0.24289898694234718
caring,90,74,164,0.24260799715251657
leaves,373,307,680,0.24245246309410776
farm,62,51,113,0.24121438801034145
finale,142,117,259,0.24023179301857722
ball,142,117,259,0.24023179301857722
americans,188,155,343,0.23958057366953478
subject,377,311,688,0.2391751117199126
initial,114,94,208,0.23889199440734393
everyone,1157,955,2112,0.23861504570161526
facial,97,80,177,0.2383440661664667
philosophy,57,47,104,0.23756507314490038
primarily,57,47,104,0.23756507314490038
eventually,391,323,714,0.23717722583000617
leader,132,109,241,0.23699212038086126
grandmother,63,52,115,0.23636979963751634
race,190,157,347,0.23636979963751634
arrested,69,57,126,0.2353816523106051
achieve,98,81,179,0.23525429575677165
knows,492,407,899,0.23525429575677165
aged,75,62,137,0.23455108519446488
heavy,215,178,393,0.23369442559147138
carpenter,64,53,117,0.23169089955358024
canadian,117,97,214,0.23111726334686208
kings,70,58,128,0.23111726334686208
sudden,135,112,247,0.23029848066830744
graphics,88,73,161,0.22986383577810615
sets,463,385,848,0.2277691092419698
escaped,59,49,108,0.2273917737598072
teenage,178,148,326,0.22739177375980693
forgotten,184,153,337,0.22731279122168954
installment,65,54,119,0.22716930729199677
spoiled,65,54,119,0.22716930729199677
entry,77,64,141,0.22682778038245652
within,447,372,819,0.22657788733356798
havent,443,369,812,0.2252903706863859
willing,174,145,319,0.22413851383284128
blown,90,75,165,0.22337177828959925
cusack,60,50,110,0.22258238505427275
interested,352,294,646,0.2212862539871682
show,3308,2764,6072,0.22108933839639097
artistic,182,152,334,0.221017851848604
sorts,103,86,189,0.22078936039407351
steps,79,66,145,0.21953115031463863
while,2872,2403,5275,0.21910071992705302
genres,67,56,123,0.2185672651671162
friends,995,833,1828,0.21816974726555893
proceedings,61,51,112,0.2179446086874944
swedish,61,51,112,0.2179446086874944
manner,221,185,406,0.21781814246568806
continue,166,139,305,0.21718768577354763
indie,92,77,169,0.21718768577354736
critical,92,77,169,0.21718768577354736
affair,185,155,340,0.21643523702167392
slightly,291,244,535,0.2155920487797359
gary,136,114,250,0.21548398335438157
committed,105,88,193,0.21542426915566054
entertainment,460,386,846,0.21466337269796124
fianc,68,57,125,0.21447266254762454
sally,68,57,125,0.21447266254762454
morning,143,120,263,0.21394822097719932
pieces,212,178,390,0.21346939752743752
soft,112,94,206,0.21346939752743752
tiny,112,94,206,0.21346939752743752
reaction,131,110,241,0.21294706043234385
hints,56,47,103,0.21225398461571307
jeffrey,56,47,103,0.21225398461571307
sarah,94,79,173,0.21129009946819013
seek,94,79,173,0.21129009946819013
course,1348,1134,2482,0.2112295430947393
hit,517,435,952,0.21081677431929613
barry,69,58,127,0.21050698367157591
though,2428,2044,4472,0.21024805402882957
passing,101,85,186,0.20941403283075144
short,972,819,1791,0.20888493130556865
passes,57,48,105,0.2075078392887206
spot,185,156,341,0.20718716021965813
terror,102,86,188,0.20678250240019452
two,3618,3056,6674,0.20544183503648078
rid,64,54,118,0.20497356117780063
samurai,64,54,118,0.20497356117780063
quote,77,65,142,0.20463203426826038
parts,640,541,1181,0.20416786326479233
above,434,367,801,0.20354255762214624
deliberately,58,49,107,0.20293873003526813
necessarily,97,82,179,0.20293873003526813
spite,97,82,179,0.20293873003526813
headed,58,49,107,0.20293873003526813
secret,318,269,587,0.20293873003526786
limited,162,137,299,0.20293873003526786
based,737,624,1361,0.2018721080600814
irony,78,66,144,0.20126894392191041
feature,399,338,737,0.2009702998844529
noticed,144,122,266,0.20021837402958106
month,72,61,133,0.19932521520716756
version,1148,974,2122,0.1989473966515067
freeman,92,78,170,0.19869134215615797
imagined,59,50,109,0.19853691108762203
lips,59,50,109,0.19853691108762203
sexy,231,196,427,0.1984135115331029
party,285,242,527,0.1974366288198259
following,305,259,564,0.1973684719923217
wanting,159,135,294,0.19719420294247073
menacing,66,56,122,0.19703410361747487
burt,86,73,159,0.19688651333183332
bbc,86,73,159,0.19688651333183332
again,2117,1799,3916,0.19669649782630635
department,100,85,185,0.1951298068245037
erotic,100,85,185,0.1951298068245037
performers,80,68,148,0.19481542568556334
graphic,127,108,235,0.1947328349458516
presence,221,188,409,0.19467280581782712
warren,60,51,111,0.19429334062284892
work,2267,1930,4197,0.19405862700549986
law,215,183,398,0.19383843677735818
dogs,114,97,211,0.19380410487880628
compare,175,149,324,0.19325617663792857
evident,67,57,124,0.19325617663792857
band,270,230,500,0.19279247392895035
real,2457,2098,4555,0.18976358387350664
particularly,568,485,1053,0.1896196840045287
encounters,75,64,139,0.1891081144332978
candy,130,111,241,0.18893672718105264
novel,501,428,929,0.1888851270311538
miles,137,117,254,0.1887014923784953
efforts,137,117,254,0.1887014923784953
image,199,170,369,0.18854763772964642
lady,434,371,805,0.18792459680727702
ben,310,265,575,0.18781203794780085
frustration,55,47,102,0.18649088855063123
hysterical,62,53,115,0.1862479287924131
mystery,431,369,800,0.1857168255642771
via,90,77,167,0.1856521123404407
amazed,97,83,180,0.18555665180703163
towards,342,293,635,0.18467411526930994
feeling,610,523,1133,0.1837323885880677
process,161,138,299,0.18357881917620963
considered,260,223,483,0.18293917162666376
whos,390,335,725,0.1809404124732687
develop,135,116,251,0.1798935272310644
chosen,121,104,225,0.17938400205637114
push,64,55,119,0.1787420196046213
starting,150,129,279,0.17874201960462102
turns,670,577,1247,0.17734701613252699
land,187,161,348,0.1772870612207915
christopher,216,186,402,0.17712202500296012
ahead,209,180,389,0.1768820373436536
previously,108,93,201,0.17658740308831572
70s,319,275,594,0.1756942429073097
murderer,94,81,175,0.175444900521468
watches,65,56,121,0.17517466965373552
lugosi,87,75,162,0.17473700303872286
folk,58,50,108,0.17408386736308304
class,402,347,749,0.17390643592258287
suffered,80,69,149,0.1739064359225826
adaptation,243,210,453,0.17203216954741918
disease,66,57,123,0.17172301508828744
producer,192,166,358,0.17126689904247472
choice,281,243,524,0.17114378052936033
hope,770,666,1436,0.17112071195728515
buck,81,70,151,0.17110743236375717
everybody,200,173,373,0.17059720440813259
craft,59,51,110,0.17024786665619807
introduction,89,77,166,0.16962200252149195
section,104,90,194,0.1694438755291506
until,942,816,1758,0.1689703631258047
wishes,82,71,153,0.16838150799889956
suicide,157,136,293,0.16838150799889925
comedy,1642,1424,3066,0.167368379417314
starred,90,78,168,0.16715576872305127
receive,60,52,112,0.16654835013994496
serial,204,177,381,0.1662124490811777
novels,98,85,183,0.16612993510195143
background,326,283,609,0.16566488713567507
importantly,68,59,127,0.16514495018405617
road,221,192,413,0.1643788835042274
laura,84,73,157,0.16313772197729298
remind,84,73,157,0.16313772197729298
worth,1207,1050,2257,0.16287765758156247
mysterious,215,187,402,0.1627279042373281
spike,69,60,129,0.16200846598038585
feel,1534,1336,2870,0.16123943875487984
successfully,85,74,159,0.1606146249552091
technical,163,142,305,0.16025934697745153
montage,54,47,101,0.16025934697745153
drops,54,47,101,0.16025934697745153
core,101,88,189,0.15966099763365177
mood,226,197,423,0.15958902751324283
dignity,62,54,116,0.15953059041663364
experienced,102,89,191,0.15759495277266286
due,482,421,903,0.1569269417448334
beneath,55,48,103,0.15643365469445122
saw,1681,1469,3150,0.15635405040672362
cute,301,263,564,0.1562856707943433
despite,722,631,1353,0.156145484131962
goal,71,62,133,0.15601768264777544
glass,79,69,148,0.15587251309232075
east,79,69,148,0.15587251309232075
carrying,87,76,163,0.15575389967114991
raise,87,76,163,0.15575389967114991
sun,87,76,163,0.15575389967114991
child,628,549,1177,0.15572389400274983
fear,278,243,521,0.15568618578916252
fare,111,97,208,0.15550021670216702
wall,168,147,315,0.15396426746412778
scared,160,140,300,0.1539337974328501
toward,152,133,285,0.15390013129416777
came,891,780,1671,0.15376679617855926
strangely,88,77,165,0.1534117753402329
jay,80,70,150,0.15329615624729645
action,1650,1445,3095,0.15326516027695955
finally,813,712,1525,0.15318296226453443
area,177,155,332,0.1528350747929149
yesterday,56,49,105,0.1527529728670511
cross,129,113,242,0.1521904309271119
fit,260,228,488,0.15101983775191158
playing,855,750,1605,0.15084641340019803
date,221,194,415,0.1494671741002996
2nd,57,50,107,0.14920919872405344
chain,57,50,107,0.14920919872405344
singer,131,115,246,0.1491005784077178
reach,131,115,246,0.1491005784077178
fred,156,137,293,0.14866166905206954
aspect,239,210,449,0.1481360532012571
mainly,206,181,387,0.1481028639551676
treatment,124,109,233,0.14714550299838056
frustrated,66,58,124,0.1468483464492582
wondered,66,58,124,0.1468483464492582
trust,167,147,314,0.14537677162740426
multiple,100,88,188,0.14537677162740398
dig,75,66,141,0.14505293435536215
hold,285,251,536,0.14486297608878873
easily,470,414,884,0.14475325176425932
flow,84,74,158,0.14364154635149562
drawing,59,52,111,0.1425028761732942
twice,204,180,384,0.14203263658605075
largely,119,105,224,0.14169824980503634
european,145,128,273,0.1411814242458787
developed,197,174,371,0.14055624738628614
passed,129,114,243,0.13953513012108304
houses,60,53,113,0.13932688140492047
trick,86,76,162,0.1391710154755458
unlikely,112,99,211,0.13908720120486123
buddy,121,107,228,0.13855028454779372
brief,208,184,392,0.1383571979157407
murders,191,169,360,0.13798974932008617
service,104,92,196,0.13790830209604374
police,572,507,1079,0.1357985014432407
requires,70,62,132,0.1356976982681797
bring,458,406,864,0.13559701205149977
sequences,379,336,715,0.13542401133662227
johnson,88,78,166,0.1349154317228434
highlight,106,94,200,0.13439782653623863
protagonist,115,102,217,0.13419957244208475
obscure,62,55,117,0.13329904884345395
those,2478,2201,4679,0.13291104506490647
politics,107,95,202,0.13269465208518452
speed,125,111,236,0.1325742845619403
included,143,127,270,0.1324841203483029
becomes,729,648,1377,0.13173203419766438
source,108,96,204,0.13102482570787205
larry,90,80,170,0.13085963950006124
suspects,81,72,153,0.13074969474761616
immediately,244,217,461,0.13074969474761616
motives,54,48,102,0.1302021131212717
tommy,54,48,102,0.1302021131212717
introduced,164,146,310,0.12911754984446647
constantly,219,195,414,0.1289829627594789
description,91,81,172,0.12890231458443793
large,287,256,543,0.1265337607561566
negative,185,165,350,0.12651860034505857
place,1247,1113,2360,0.12586888796830611
zone,74,66,140,0.12581671549244494
questions,251,224,475,0.12577358559585333
seeing,1099,981,2080,0.1257180619202701
beginning,736,657,1393,0.1256252613876575
metal,93,83,176,0.12512079794505745
productions,93,83,176,0.12512079794505745
relative,65,58,123,0.12498891248551883
jamie,65,58,123,0.12498891248551883
focusing,56,50,106,0.12389811019486592
neighborhood,75,67,142,0.12351977280572096
six,179,160,339,0.1233411772322213
teenager,113,101,214,0.12314320063721199
anthony,133,119,252,0.12175975423827838
safe,114,102,216,0.12165431912297082
company,258,231,489,0.12108271758617105
eyes,632,566,1198,0.12092015429262977
during,1122,1005,2127,0.12073299385463067
coming,537,481,1018,0.12065958716483643
issue,144,129,273,0.12004802534559786
disturbing,250,224,474,0.12002578898553444
stand,366,328,694,0.11985045834295542
significant,96,86,182,0.11975944016282869
listening,96,86,182,0.11975944016282869
kate,135,121,256,0.11926716827956371
green,195,175,370,0.11762820753426492
row,68,61,129,0.11744820815275984
infamous,78,70,148,0.11700002702430647
incident,59,53,112,0.11528140743826974
government,208,187,395,0.11508741859289374
express,99,89,188,0.11473947381086554
cage,139,125,264,0.1145083884098886
spanish,139,125,264,0.1145083884098886
upon,438,394,832,0.11448217296274751
telling,299,269,568,0.11420136056775315
matter,579,521,1100,0.11407203901817894
underground,90,81,171,0.11304836338360066
screen,1189,1071,2260,0.11265405228006008
agent,181,163,344,0.11260954302914118
officer,142,128,270,0.11112419038969872
revolves,81,73,154,0.11098643992618619
vacation,82,74,156,0.10908432431512723
last,1528,1381,2909,0.1078116206059512
vote,114,103,217,0.10764746112909157
fan,979,885,1864,0.10748381604714571
stars,846,765,1611,0.10703832092732703
needs,439,397,836,0.10683893550315951
perhaps,870,787,1657,0.10649500490793302
loses,137,124,261,0.10521650687541377
virgin,74,67,141,0.10428355394280381
classes,53,48,101,0.10348477474549207
directed,601,545,1146,0.1029161713839422
odd,290,263,553,0.10266583229878737
accepted,75,68,143,0.10230328689602512
intellectual,86,78,164,0.10193810927657064
set,1190,1080,2270,0.1017991789422999
cartoons,108,98,206,0.10143004351957598
three,1143,1038,2181,0.10088578009849791
adding,87,79,166,0.10025878707944638
mix,186,169,355,0.09982098765036691
situations,253,230,483,0.09914962710547555
dad,231,210,441,0.09912259072531326
physically,77,70,147,0.09850368340691716
lot,2071,1884,3955,0.0984246558463233
convincing,277,252,529,0.09813501412978448
liking,55,50,105,0.09813501412978418
catches,55,50,105,0.09813501412978418
changes,200,182,382,0.09763640321901385
water,267,243,510,0.09754774973764013
revealed,134,122,256,0.0967550540855266
since,1507,1373,2880,0.09623172224306419
continued,67,61,128,0.09623172224306419
chaplin,67,61,128,0.09623172224306419
expert,90,82,172,0.09545430336886257
60s,158,144,302,0.09534397817020161
help,987,900,1887,0.09498510257702458
dog,333,304,637,0.09317516380972561
week,219,200,419,0.09254933361191077
closing,92,84,176,0.09243265476560059
placed,92,84,176,0.09243265476560059
double,162,148,310,0.09190741764652406
captain,164,150,314,0.09025472750701229
wish,495,453,948,0.08971313718943857
problems,460,421,881,0.08959915568072627
network,94,86,180,0.08954482711582105
martin,177,162,339,0.08930993700770064
first,4640,4249,8889,0.08891778789920646
extended,59,54,113,0.08856406906249022
hits,143,131,274,0.08791856791485844
lost,789,723,1512,0.08787687985998544
big,1743,1599,3342,0.08629600219250354
missed,292,268,560,0.08544516701682729
must,1592,1462,3054,0.08478737831700653
whether,442,406,848,0.08435273342680497
wants,676,621,1297,0.08426617345552528
mission,135,124,259,0.08407773981726355
regard,86,79,165,0.0836759028838424
belongs,74,68,142,0.08306706803310787
featured,99,91,190,0.08285541279107968
majority,124,114,238,0.08272877450260994
force,249,229,478,0.08247629245492542
melodramatic,62,57,119,0.08222486424918458
respect,250,230,480,0.08197448329734329
control,250,230,480,0.08197448329734329
actress,614,565,1179,0.08181661691431405
outrageous,63,58,121,0.08025059772023428
meanwhile,127,117,244,0.07976712082533122
faces,178,164,342,0.07976712082533122
numerous,140,129,269,0.07954866306584497
susan,89,82,171,0.07942419354991381
four,448,413,861,0.07915128627945964
flying,179,165,344,0.0790832575473066
savage,64,59,123,0.07834012264678364
mass,77,71,148,0.07818369902732122
prefer,90,83,173,0.07807222514062603
amazingly,90,83,173,0.07807222514062603
table,90,83,173,0.07807222514062603
extras,116,107,223,0.07792392559629296
results,142,131,273,0.07782975029127473
minds,104,96,200,0.07683272534427542
speaks,104,96,200,0.07683272534427542
strange,473,437,910,0.0760120392801669
second,973,899,1872,0.0759883280002856
falling,197,182,379,0.07588681982855869
part,2051,1896,3947,0.07527041312977084
hearing,119,110,229,0.07489487912079011
nick,146,135,281,0.07453844359984932
satire,133,123,256,0.07425933063434922
little,3325,3076,6401,0.07421190891892829
measure,53,49,102,0.07404099685301037
thick,53,49,102,0.07404099685301037
keep,829,767,1596,0.07400586122979445
decides,283,262,545,0.07296194292021692
author,121,112,233,0.07296194292021692
relevant,67,62,129,0.07296194292021692
jobs,94,87,181,0.07296194292021661
create,313,290,603,0.07185790992898326
arnold,68,63,131,0.07127802671983388
direct,164,152,316,0.07120897181646572
anderson,96,89,185,0.07057189053529697
obsessed,110,102,212,0.07035309041745866
broken,138,128,266,0.07004824738678324
occasion,55,51,106,0.06984596969836052
causing,55,51,106,0.06984596969836052
stealing,69,64,133,0.06964444783172642
prior,97,90,187,0.06941505719787841
consider,265,246,511,0.06905484495771504
public,280,260,540,0.06864802886175758
creepy,323,300,623,0.06833135181279511
chris,211,196,407,0.06805898139281623
fallen,85,79,164,0.06690019013301551
design,171,159,330,0.06658278293941605
super,171,159,330,0.06658278293941605
filmed,386,359,745,0.0664072740170226
woman,1348,1254,2602,0.0661736813579041
exposed,57,53,110,0.06595369507470138
tune,72,67,139,0.06502412349557649
prepared,87,81,168,0.06441358813272424
death,957,892,1849,0.06335094842733043
covered,103,96,199,0.06296055076271773
depth,251,234,485,0.06290110782162353
dancers,59,55,114,0.062332527489310764
distance,59,55,114,0.062332527489310764
stole,59,55,114,0.062332527489310764
entertain,89,83,172,0.06204211532167706
villains,149,139,288,0.06181099290039056
listen,164,153,317,0.061779558896534977
ultimately,269,251,520,0.061657503478451336
third,362,338,700,0.060755791858773084
absence,60,56,116,0.060614905390879575
separate,76,71,147,0.05944713644573541
took,568,531,1099,0.05902128789261616
shortly,61,57,118,0.058955084926337574
witch,154,144,298,0.05846797593516894
account,93,87,180,0.05761397858678074
tim,156,146,302,0.05719262304184362
provide,157,147,304,0.056567504669548074
room,464,435,899,0.054936508315261486
difference,193,181,374,0.05429464868013255
returning,64,60,124,0.05429464868013255
effect,322,302,624,0.05429464868013255
self,210,197,407,0.053898210533403525
jesse,65,61,126,0.052839126729683605
runs,250,235,485,0.05101417411389817
exists,83,78,161,0.05101417411389817
guilty,100,94,194,0.05073989748932896
baby,336,316,652,0.05033163571344864
reasons,304,286,590,0.04983771968090063
described,119,112,231,0.04901624729518437
lie,85,80,165,0.04886626730275378
shocking,172,162,334,0.048087274281187586
order,485,457,942,0.04763018277926037
briefly,69,65,134,0.04744870171753036
contained,52,49,101,0.046819528117985953
robot,105,99,204,0.04640519869500915
handled,105,99,204,0.04640519869500915
extent,88,83,171,0.04583188814041804
themselves,604,570,1174,0.04544608349191492
hates,53,50,103,0.045186134180825156
walker,53,50,103,0.045186134180825156
till,108,102,210,0.04400176347050636
now,2300,2173,4473,0.043857991356632216
object,72,68,140,0.04380763758588064
funeral,54,51,105,0.04361442812518076
taking,475,449,924,0.04305485587758903
actor,1137,1075,2212,0.042789651081833024
knew,460,435,895,0.04245906802394394
killers,149,141,290,0.041274061897695856
mere,93,88,181,0.041219540336112206
slapstick,94,89,183,0.04035727748828942
fever,57,54,111,0.039236356698922004
dislike,77,73,150,0.03838269096934615
right,1654,1569,3223,0.03802089326189644
website,58,55,113,0.037879483764771786
local,449,426,875,0.03770600472763032
old,2078,1972,4050,0.03744807825502462
offered,98,93,191,0.037087990100212374
occasional,99,94,193,0.036312826854049275
relief,121,115,236,0.03499409272119643
mind,934,888,1822,0.03475351824795308
ran,122,116,238,0.03438242487976322
granted,102,97,199,0.034080416287308485
ignored,61,58,119,0.034080416287308485
devil,123,117,240,0.033780915551151036
whilst,144,137,281,0.03356850462012989
type,516,491,1007,0.03350756305595192
los,62,59,121,0.032897151885616586
back,2466,2348,4814,0.03265632426817794
regardless,63,60,123,0.031752080029044276
wonders,64,61,125,0.030643380615487305
without,1659,1584,3243,0.028651600227538997
typically,66,63,129,0.02852837926049674
walls,66,63,129,0.02852837926049674
dawn,66,63,129,0.02852837926049674
station,156,149,305,0.02794780326598636
woody,112,107,219,0.027518972159050133
kane,67,64,131,0.02751897215904982
climax,207,198,405,0.025902959622802556
buy,382,366,748,0.023577179977675194
regret,96,92,188,0.02300620728324108
church,195,187,382,0.022208642455582298
enemy,98,94,192,0.02174002576677649
suggests,74,71,145,0.021227814215245167
close,571,548,1119,0.021192508342758452
white,698,670,1368,0.020953414036462423
contact,75,72,147,0.02042627984161722
horses,75,72,147,0.02042627984161722
hat,101,97,198,0.01993623396703876
enjoyment,76,73,149,0.01964612838776035
suspect,153,147,300,0.0194543316524488
arts,154,148,302,0.01907453763508191
angeles,51,49,100,0.01907453763508191
menace,51,49,100,0.01907453763508191
produced,258,248,506,0.018849059284121443
roll,156,150,306,0.01832980070438941
opera,183,176,359,0.018042510103505525
staged,52,50,102,0.017964665445800845
done,1525,1467,2992,0.01785230711271488
texas,106,102,208,0.01716015125186524
itll,53,51,104,0.016897089749401503
martial,161,155,316,0.016550215094795293
combat,54,52,106,0.015869437642276697
football,109,105,214,0.015618501425461303
sam,220,212,432,0.015246445063929664
field,138,133,271,0.014976864893107456
player,139,134,273,0.014589579804036525
population,56,54,110,0.013925268169734212
ireland,56,54,110,0.013925268169734212
opportunity,200,193,393,0.01319930084198302
time,6172,5958,12130,0.012836371300654488
means,384,371,755,0.011552017954703534
planet,241,233,474,0.010531269657584226
adams,60,58,118,0.010429148222663057
cia,60,58,118,0.010429148222663057
high,971,939,1910,0.010251464696761983
good,7478,7232,14710,0.010185142974373259
found,1302,1260,2562,0.009217884838803796
trapped,93,90,183,0.008979203335904443
planning,62,60,122,0.00885167791896547
masters,62,60,122,0.00885167791896547
digital,63,61,124,0.008100811964398894
added,222,215,437,0.008048097296135008
suspense,353,342,695,0.007536857492982706
stephen,162,157,319,0.007018520060011006
comes,1258,1220,2478,0.006163551911298411
scenery,199,193,392,0.0059858106094084935
cats,67,65,132,0.005323226044853688
specific,67,65,132,0.005323226044853688
pop,136,132,268,0.0048392220007640215
however,1769,1718,3487,0.00412254058440623
cinematic,208,202,410,0.004056106204149399
batman,208,202,410,0.004056106204149399
hiding,71,69,140,0.0028608945863550918
house,1044,1016,2060,0.001132907753848619
fbi,76,74,150,0.0001499527619633161
fall,385,375,760,-0.00015141706776421266
lane,78,76,154,-0.0008364632695516317
food,160,156,316,-0.0016587292788420786
interviews,80,78,158,-0.0017732402455369874
sleazy,81,79,160,-0.002224170521804628
talented,285,278,563,-0.002255951445715918
related,82,80,162,-0.0026640333373280788
location,165,161,326,-0.002772317355234039
references,124,121,245,-0.002879941006226936
outside,300,293,593,-0.004064881867393748
youll,644,629,1273,-0.004095388825892512
compared,269,263,532,-0.005587058353236058
everywhere,94,92,186,-0.007208405763766614
track,194,190,384,-0.008090211975657086
such,2582,2529,5111,-0.008153259523375849
supernatural,102,100,202,-0.009640961142009635
open,309,303,612,-0.009826476509944383
sight,156,153,309,-0.010145367906088101
market,104,102,206,-0.010190336893090141
dozens,52,51,103,-0.010324378985622808
settle,52,51,103,-0.010324378985622808
rate,268,263,531,-0.010950243120328895
mask,107,105,212,-0.010975708586252027
jason,161,158,319,-0.01101804491400936
taken,494,485,979,-0.011570144128608411
face,782,768,1550,-0.012023877339317725
occur,56,55,111,-0.012306273403445164
alive,229,225,454,-0.012702649310099763
ranks,57,56,113,-0.012758280939339351
further,289,284,573,-0.012934673785872458
discussion,59,58,117,-0.013616325743987842
mad,241,237,478,-0.013973693851064103
wes,60,59,119,-0.014023895501876077
mafia,61,60,121,-0.014418101403881861
logical,61,60,121,-0.014418101403881861
clues,61,60,121,-0.014418101403881861
cameo,126,124,250,-0.015077726842297889
previous,317,312,629,-0.015168967358448094
canada,63,62,125,-0.015168967358448256
before,2151,2118,4269,-0.015769657884107256
horse,136,134,270,-0.016774591105298563
fight,561,553,1114,-0.017366663849478017
nights,70,69,139,-0.017459089793240855
kevin,142,140,282,-0.017677580637349154
forget,359,354,713,-0.017863226268745
connected,73,72,145,-0.018306114647097187
likes,233,230,463,-0.01941357018820278
inspector,78,77,155,-0.019573025851137515
leave,551,544,1095,-0.01964053259405129
sold,79,78,157,-0.019807163075798738
angels,83,82,165,-0.020687291240290492
cases,83,82,165,-0.020687291240290492
serve,84,83,167,-0.020894225660394925
lisa,87,86,173,-0.0214864852729228
sitcom,87,86,173,-0.0214864852729228
bar,183,181,364,-0.022258854621064986
speech,99,98,197,-0.02349656838125433
serves,102,101,203,-0.023925187148257032
things,1847,1830,3677,-0.024732778739559185
sexual,346,343,689,-0.02552411614941339
leaving,237,235,472,-0.025868915863000025
across,486,482,968,-0.026158506842858212
gone,369,366,735,-0.02630820345618793
under,632,627,1259,-0.026619348724988872
breaks,130,129,259,-0.026971660585196424
skills,134,133,267,-0.027302938599456664
nearly,405,402,807,-0.027356238253233203
agree,285,283,568,-0.027927359047913013
faith,144,143,287,-0.028050613643535886
constant,146,145,291,-0.02818785795456297
member,159,158,317,-0.02899578584306492
ready,164,163,327,-0.02927242123136819
followed,186,185,371,-0.030312925834092494
general,376,374,750,-0.030385223255349817
character,3303,3289,6592,-0.03194233748600181
daughter,510,508,1018,-0.03240618244822551
hands,312,311,623,-0.03344534294307933
think,3632,3626,7258,-0.03568442051780693
come,1580,1579,3159,-0.03715627131090165
beat,167,167,334,-0.0380693694685269
punch,79,79,158,-0.0380693694685269
dressed,139,139,278,-0.0380693694685269
equal,70,70,140,-0.0380693694685269
pulp,52,52,104,-0.0380693694685269
matthew,56,56,112,-0.0380693694685269
involvement,56,56,112,-0.0380693694685269
split,67,67,134,-0.0380693694685269
dare,67,67,134,-0.0380693694685269
extreme,173,173,346,-0.0380693694685269
deadly,99,99,198,-0.0380693694685269
tunes,59,59,118,-0.0380693694685269
suffering,112,112,224,-0.03806936946852706
examples,90,90,180,-0.03806936946852706
pity,109,109,218,-0.03806936946852706
accident,152,152,304,-0.03806936946852706
react,53,53,106,-0.03806936946852706
draw,98,98,196,-0.03806936946852706
kick,111,111,222,-0.03806936946852706
narrator,53,53,106,-0.03806936946852706
doomed,51,51,102,-0.03806936946852706
onscreen,54,54,108,-0.03806936946852706
latest,100,100,200,-0.03806936946852706
formula,124,124,248,-0.03806936946852706
sidekick,54,54,108,-0.03806936946852706
night,1036,1036,2072,-0.03806936946852706
drives,77,77,154,-0.03806936946852706
duke,60,60,120,-0.03806936946852723
ending,1151,1152,2303,-0.039321708992381646
where,3137,3144,6281,-0.04128454599383347
clear,384,385,769,-0.041816631421734474
pain,185,186,371,-0.045825813102961376
next,842,847,1689,-0.04660605142301228
talents,132,133,265,-0.04891675170551933
almost,1547,1559,3106,-0.04921351274105208
sad,486,490,976,-0.04988270090665421
hear,364,367,731,-0.04989480486531689
delivered,120,121,241,-0.04999253684434638
test,115,116,231,-0.05050647270674969
camp,221,223,444,-0.051037502096826295
meaning,220,222,442,-0.05109604976476645
heard,549,554,1103,-0.05113734868100595
hopefully,106,107,213,-0.05155259883214893
fool,103,104,207,-0.05194154405008471
never,3198,3230,6428,-0.05243136124635682
lots,397,401,798,-0.052514496814123804
invisible,96,97,193,-0.05294264595005724
acted,283,286,569,-0.05325577328320307
check,371,375,746,-0.053520066444202416
motion,184,186,370,-0.05362418366336877
having,1259,1273,2532,-0.054017207008480526
changing,89,90,179,-0.0540994792874759
andor,88,89,177,-0.05427959664978593
jungle,88,89,177,-0.05427959664978593
writerdirector,84,85,169,-0.05504244807224057
these,2683,2715,5398,-0.05517134461966322
state,248,251,499,-0.05538191771176788
sword,82,83,165,-0.05545144769676338
mentally,76,77,153,-0.05680593205011278
appearance,221,224,445,-0.05747811565465552
meaningful,72,73,145,-0.057832624289957
tons,66,67,133,-0.05960253101816815
tension,263,267,530,-0.059805299119821874
messages,65,66,131,-0.05992880343226639
ticket,60,61,121,-0.06172063753317241
longer,234,238,472,-0.062470712958662064
elaborate,58,59,117,-0.06252241319306587
bathroom,56,57,113,-0.06338045799771456
capable,112,114,226,-0.06349196634843374
2003,54,55,109,-0.06430091104170649
selling,54,55,109,-0.06430091104170649
nightmares,53,54,107,-0.06478670784430643
lawrence,52,53,105,-0.06529083820355142
psycho,103,105,208,-0.06568160067638701
behind,618,630,1248,-0.06579214482037726
garden,50,51,101,-0.06635841389995087
common,247,252,499,-0.06692423214071185
russian,145,148,293,-0.06751314736100877
expect,581,593,1174,-0.0675382076372154
directly,95,97,192,-0.06797085518238888
realize,322,329,651,-0.06904867416596235
involving,229,234,463,-0.06916313857009551
characters,3662,3742,7404,-0.0692429262173334
delivery,90,92,182,-0.06960494290163392
directors,449,459,908,-0.06981311524311422
suffer,88,90,178,-0.07030970646873479
heavily,88,90,178,-0.07030970646873479
expression,84,86,170,-0.0718181608230674
existence,122,125,247,-0.07297498441672831
fashion,162,166,328,-0.07315182862397233
gruesome,79,81,160,-0.07391456841524927
laughter,117,120,237,-0.0744417591334888
cool,465,477,942,-0.07478893483284442
comments,384,394,778,-0.07511107152015892
ancient,113,116,229,-0.07570702683189229
foot,113,116,229,-0.07570702683189229
matters,110,113,223,-0.07671529736801022
pool,72,74,146,-0.07732879991575418
fairly,289,297,586,-0.0773956896745962
teenagers,107,110,217,-0.07777907927049842
fighting,286,294,580,-0.07780186454208275
putting,175,180,355,-0.07859717605113743
stan,67,69,136,-0.0801948451412036
afterwards,64,66,130,-0.08212454954646256
kicks,64,66,130,-0.08212454954646256
weight,64,66,130,-0.08212454954646256
kidnapped,63,65,128,-0.08280768423381146
pushed,62,64,126,-0.08351234022969405
understand,807,833,1640,-0.08378930887365642
energy,152,157,309,-0.08461195540555712
screenplay,334,345,679,-0.08474886921532458
program,121,125,246,-0.08480041981351785
serious,480,496,976,-0.0853266562231503
board,118,122,240,-0.08596405957283855
notice,177,183,360,-0.08603040791969552
content,174,180,354,-0.08684117014604589
probably,1389,1437,2826,-0.08706549098706524
every,1946,2014,3960,-0.08760883026984208
words,428,443,871,-0.08770826965709079
ghost,225,233,458,-0.08836448592280789
move,352,365,717,-0.09031751813480832
replaced,79,82,161,-0.09150862842998739
conclusion,236,245,481,-0.09195221044382502
level,446,463,909,-0.09197853297283491
careers,52,54,106,-0.09200817657933087
karen,51,53,104,-0.09303582868645555
notion,51,53,104,-0.09303582868645555
ships,51,53,104,-0.09303582868645555
send,102,106,208,-0.0932988901889193
spoken,75,78,153,-0.09428537903507524
casting,299,311,610,-0.09474552970374318
feels,397,413,810,-0.0950018384680839
rather,1336,1391,2727,-0.09625044055705617
whereas,72,75,147,-0.09656501877867167
according,144,150,294,-0.09676336372755015
watch,3371,3511,6882,-0.0967662069736173
jennifer,119,124,243,-0.09720449355585949
onto,160,167,327,-0.09965716769135843
crimes,68,71,139,-0.09990862328638966
long,1567,1636,3203,-0.10021752882388901
native,113,118,231,-0.1002641310758713
aka,112,117,229,-0.10080512481648958
80s,336,351,687,-0.10098755393074511
violence,513,536,1049,-0.10128326390685378
charisma,66,69,135,-0.10172800669084482
air,285,298,583,-0.10230955537048933
wont,635,664,1299,-0.10244644373974263
mostly,454,475,929,-0.10323441613498319
alice,86,90,176,-0.10328702891500774
bigger,128,134,262,-0.10390718283127304
godfather,63,66,129,-0.10466711819755083
wake,63,66,129,-0.10466711819755083
thrills,62,65,127,-0.10570808634389034
blue,185,194,379,-0.10642033783391537
amusing,245,257,502,-0.1069187772244148
youve,347,364,711,-0.1069752061845944
values,224,235,459,-0.10708098434016325
lies,142,149,291,-0.10725293461452803
entirely,258,271,529,-0.10885728695795388
watched,1084,1139,2223,-0.10944024106155026
overthetop,98,103,201,-0.10950450751147596
pulling,58,61,119,-0.11021915522436221
jones,173,182,355,-0.11103017065764549
crew,268,282,550,-0.11139814878566438
professor,95,100,195,-0.11169223261170699
pulled,133,140,273,-0.11179975800189916
overly,112,118,230,-0.11303142714974897
explains,93,98,191,-0.11322672903726648
same,1961,2067,4028,-0.11399936345006852
concerned,129,136,265,-0.11401822270182566
heroine,129,136,265,-0.11401822270182566
everything,1108,1168,2276,-0.11411833338404519
choose,110,116,226,-0.11435295473137551
used,897,946,1843,-0.1147599364618185
crash,91,96,187,-0.11482656845256478
model,109,115,224,-0.11503135128341117
naturally,127,134,261,-0.11517829516629331
ends,473,499,972,-0.11518962179256019
alone,504,532,1036,-0.11599662547537036
appeared,179,189,368,-0.11628337381656724
excitement,107,113,220,-0.11642500716998157
being,3204,3383,6587,-0.1164864881590906
through,2397,2531,4928,-0.11653103847284497
chases,71,75,146,-0.11660277201521638
scientific,53,56,109,-0.11678134548256777
nearby,53,56,109,-0.11678134548256777
staying,53,56,109,-0.11678134548256777
buying,88,93,181,-0.11735827927316628
blind,123,130,253,-0.1176081344537339
mate,52,55,107,-0.11823971815251019
train,190,201,391,-0.11905821050317217
flashback,86,91,177,-0.11914098011584476
1990s,51,54,105,-0.11975316706223509
mickey,51,54,105,-0.11975316706223509
danger,102,108,210,-0.1201405024075601
massacre,67,71,138,-0.12112510919608552
nelson,67,71,138,-0.12112510919608552
exotic,50,53,103,-0.12132487311787923
holding,100,106,206,-0.12172729851543666
structure,99,105,204,-0.12254393763206316
appearing,65,69,134,-0.12358744065458423
rush,65,69,134,-0.12358744065458423
goes,1176,1248,2424,-0.12376387017244166
basis,81,86,167,-0.12396944287417395
burning,64,68,132,-0.1248741970057996
charge,80,85,165,-0.12500500623980776
cable,128,136,264,-0.12520196119450142
near,367,390,757,-0.12564766788677947
100,207,220,427,-0.12573668879176025
shes,700,744,1444,-0.12595616761980868
stated,63,67,130,-0.12620027974719192
admit,300,319,619,-0.12652030970433584
black,915,973,1888,-0.12669046239148465
doubt,362,385,747,-0.12681923448126442
bought,220,234,454,-0.12687863642638286
struggling,94,100,194,-0.1268786364263832
curious,125,133,258,-0.12722174720530888
mentioned,264,281,545,-0.12793656943473083
take,1676,1784,3460,-0.12813678772376527
reputation,92,98,190,-0.1287397284085912
girl,1262,1344,2606,-0.12885573681488055
brand,61,65,126,-0.1289778656667374
letter,61,65,126,-0.1289778656667374
over,2694,2870,5564,-0.1293538383500506
suggest,182,194,376,-0.12994306068733913
gave,589,628,1217,-0.13049030090927208
gas,90,96,186,-0.13068051965340208
dying,150,160,310,-0.130879179831128
itself,748,798,1546,-0.1313594608213428
sheer,119,127,246,-0.1315559983466363
besides,193,206,399,-0.13187758474356212
opposed,59,63,122,-0.1319362929327493
dinner,73,78,151,-0.13301777352378968
pull,161,172,333,-0.13313156644013338
crazy,306,327,633,-0.1336772022025582
quickly,305,326,631,-0.13397998119622814
opening,463,495,958,-0.13438508802948432
turn,635,679,1314,-0.13465079523095946
interview,85,91,176,-0.13591669286667155
amount,238,255,493,-0.13740339440063684
twenty,111,119,230,-0.1380362775289707
tortured,55,59,114,-0.13847126642636456
gotten,138,148,286,-0.1386463242201045
giving,400,429,829,-0.13892525819828072
industry,163,175,338,-0.140249764275005
pick,203,218,421,-0.14067385470287813
sheriff,108,116,224,-0.1407042816783278
threatening,53,57,110,-0.1420924340117553
conversations,53,57,110,-0.1420924340117553
selfish,53,57,110,-0.1420924340117553
amongst,79,85,164,-0.14303892907006935
figure,357,384,741,-0.143109725764602
people,4355,4685,9040,-0.14343403277990796
lead,618,665,1283,-0.14373444040404926
club,196,211,407,-0.14419772032987022
post,104,112,216,-0.14449142860468142
abuse,90,97,187,-0.1455537961349324
locked,77,83,160,-0.14564925666834164
standard,206,222,428,-0.1457329239028419
signs,51,55,106,-0.1459847086354146
abilities,51,55,106,-0.1459847086354146
audio,51,55,106,-0.1459847086354146
weve,128,138,266,-0.1461869863238372
1970s,102,110,212,-0.1464918293545125
blow,89,96,185,-0.14671062947235086
science,242,261,503,-0.14689556864097825
hard,1157,1248,2405,-0.14725299724914054
grace,152,164,316,-0.14734771075351988
associated,63,68,131,-0.14741676565688794
drugs,151,163,314,-0.1480422114936587
seventies,50,54,104,-0.1480422114936587
break,277,299,576,-0.14813760101984422
jewish,75,81,156,-0.14839278437452577
plus,300,324,624,-0.14892285675647998
chuck,62,67,129,-0.14910068185727088
factor,99,107,206,-0.14963759851433825
topic,74,80,154,-0.1498177271209825
guard,74,80,154,-0.1498177271209825
survivors,49,53,102,-0.1501797357900644
bedroom,49,53,102,-0.1501797357900644
therefore,160,173,333,-0.15043173492448472
roberts,73,79,152,-0.15127997991651795
moon,133,144,277,-0.15229912028165188
doctor,266,288,554,-0.15250515535483358
mexican,84,91,175,-0.15288977147038507
national,120,130,250,-0.15308602980845
allowed,156,169,325,-0.15319198567225256
here,2601,2818,5419,-0.15365322963304628
sea,119,129,248,-0.15401084917433233
hundreds,71,77,148,-0.15432243796437511
closeups,59,64,123,-0.15447886158383733
estate,59,64,123,-0.15447886158383733
press,59,64,123,-0.15447886158383733
apart,296,321,617,-0.1548560022504706
hand,532,577,1109,-0.15510879065874605
trouble,248,269,517,-0.15510879065874641
use,858,931,1789,-0.15580700440803055
cat,234,254,488,-0.15614710302884557
souls,58,63,121,-0.15638933665728832
jumping,58,63,121,-0.15638933665728832
don,160,174,334,-0.158723108555876
repeat,68,74,142,-0.1592058069701618
cell,79,86,165,-0.15981464182089633
saturday,101,110,211,-0.16063601167478228
another,2054,2237,4291,-0.16116972133985197
school,734,800,1534,-0.16220828142850416
exaggerated,55,60,115,-0.1625167403930156
eve,55,60,115,-0.1625167403930156
forth,88,96,184,-0.16292085665360986
special,991,1081,2072,-0.1634183572016577
yes,712,777,1489,-0.16402203054702533
hitler,109,119,228,-0.16414911784810213
reference,76,83,159,-0.16438581924992748
arrive,54,59,113,-0.16470280799954415
poster,54,59,113,-0.16470280799954415
build,141,154,295,-0.16487415454101917
fact,1672,1826,3498,-0.16514491230172204
asked,140,153,293,-0.16573789461778035
confusion,75,82,157,-0.16598684438926387
harder,53,58,111,-0.16696710265078446
driver,85,93,178,-0.167111314470266
lifetime,85,93,178,-0.167111314470266
intention,63,69,132,-0.16832575541986866
ignore,84,92,176,-0.1685713937026549
exactly,474,519,993,-0.1687850313516293
scene,2515,2754,5269,-0.16901464274811487
altogether,52,57,109,-0.16931390274677963
offering,52,57,109,-0.16931390274677963
university,62,68,130,-0.17031716776696681
end,2638,2893,5531,-0.1711670300456696
disturbed,51,56,107,-0.17174780470049641
clothing,51,56,107,-0.17174780470049641
ability,215,236,451,-0.17222168371882424
opened,71,78,149,-0.17281878158176459
case,717,788,1505,-0.17420129269598714
likely,199,219,418,-0.17590156278153946
says,527,580,1107,-0.17619434273954582
wears,79,87,166,-0.17639752601650052
causes,79,87,166,-0.17639752601650052
couple,801,882,1683,-0.17696312747252152
park,167,184,351,-0.17752909018378815
scifi,285,314,599,-0.17763864098497348
scale,88,97,185,-0.1777941331351403
oneliners,68,75,143,-0.17844202583307925
display,97,107,204,-0.17893190530837635
drug,165,182,347,-0.1791346164286887
written,698,770,1468,-0.179604210573849
dating,48,53,101,-0.1796235136825464
tracks,48,53,101,-0.1796235136825464
question,319,352,671,-0.17987669580768859
desperate,152,168,320,-0.1820087182001367
sticks,56,62,118,-0.1836746917154262
major,438,485,923,-0.184963822442986
involved,503,557,1060,-0.18504939626940947
worthy,148,164,312,-0.18569402240300276
rushed,64,71,135,-0.18671345082366236
waiting,256,284,540,-0.1875391961680549
mental,146,162,308,-0.18760842296209607
seemingly,164,182,346,-0.187878249500665
women,810,899,1709,-0.18838046520246757
front,272,302,574,-0.18874828196619522
ought,54,60,114,-0.18874828196619522
arms,81,90,171,-0.18918710232065464
need,850,944,1794,-0.1893089301935116
unfortunate,99,110,209,-0.18934730831630958
loose,126,140,266,-0.18950211499514288
extremely,503,559,1062,-0.19021572243813648
beats,53,59,112,-0.19142014637532354
interesting,1468,1633,3101,-0.1916925585817388
believed,97,108,205,-0.19229028816339552
flight,79,88,167,-0.19279196426716919
standards,167,186,353,-0.19308390437862988
chair,70,78,148,-0.19313876596136043
credit,246,274,520,-0.19328787209581433
neck,61,68,129,-0.1935869470898139
repeated,96,107,203,-0.1938051817899068
beach,87,97,184,-0.19418857138580886
connection,122,136,258,-0.19418857138580903
literally,218,243,461,-0.19435786205027086
facts,104,116,220,-0.19489638204192444
robin,112,125,237,-0.19583173220226166
hospital,163,182,345,-0.19667519773782388
seem,1025,1145,2170,-0.19771933629335006
hes,1364,1524,2888,-0.19803312520413477
taste,204,228,432,-0.19816269158484787
whenever,127,142,269,-0.19853404166177302
lee,331,370,701,-0.1985340416617732
vietnam,84,94,178,-0.19943235740741558
expecting,277,310,587,-0.2001748664515401
subplots,58,65,123,-0.20112765142257263
commercial,108,121,229,-0.20133064062982858
worry,66,74,140,-0.20195545442949894
afford,49,55,104,-0.20312861573902335
portion,49,55,104,-0.20312861573902335
given,866,972,1838,-0.2045678701819116
worthwhile,89,100,189,-0.20530528338319926
away,1283,1441,2724,-0.20555691038801527
behavior,120,135,255,-0.20732907459243707
less,895,1007,1902,-0.20808387089789562
mid,55,62,117,-0.20943778778050812
commented,47,53,100,-0.2096807475387259
points,377,425,802,-0.21075185694204845
window,117,132,249,-0.21140097235408864
thought,1557,1756,3313,-0.21154078277953398
liberal,54,61,115,-0.2123995500308405
few,1909,2155,4064,-0.21289701202450545
hole,69,78,147,-0.2137490456366465
movies,3721,4203,7924,-0.2137762066181782
homage,61,69,130,-0.21449593685279467
beating,61,69,130,-0.21449593685279467
jet,53,60,113,-0.21546562034197464
fights,129,146,275,-0.21601793620422116
needless,75,85,160,-0.21751714502934602
argue,52,59,111,-0.21864161511034785
smoke,52,59,111,-0.21864161511034785
hurt,171,194,365,-0.21963094828190646
claim,103,117,220,-0.22109935853420168
entertained,110,125,235,-0.22171036402786728
couples,51,58,109,-0.2219335618687132
buddies,51,58,109,-0.2219335618687132
orders,51,58,109,-0.2219335618687132
regarding,80,91,171,-0.22285232963795246
tea,58,66,124,-0.222987085386312
feet,109,124,233,-0.22328424193543472
mom,152,173,325,-0.2241957895965393
hence,72,82,154,-0.22448249369940837
realized,144,164,308,-0.22508746070308977
anymore,151,172,323,-0.2253479376611075
uneven,50,57,107,-0.2253479376611077
book,1081,1231,2312,-0.22545233200550913
degree,93,106,199,-0.2258845298067287
convinced,100,114,214,-0.22622146638654234
laid,64,73,137,-0.2265144588816373
theaters,107,122,229,-0.2265144588816373
put,1095,1248,2343,-0.2266757064065168
routine,92,105,197,-0.22778709765940022
really,5462,6231,11693,-0.22808747465101664
missing,276,315,591,-0.22842989421636903
essentially,120,137,257,-0.22846784165058728
succeeded,49,56,105,-0.22889171180410525
countless,63,72,135,-0.22929377271129567
army,204,233,437,-0.22939107623644023
medical,70,80,150,-0.2294348951843504
credible,70,80,150,-0.2294348951843504
catherine,62,71,133,-0.23215642158482952
trap,55,63,118,-0.23233818989058694
winds,48,55,103,-0.23257239363150528
person,708,811,1519,-0.23389261109847964
southern,75,86,161,-0.23429285778017286
ratings,75,86,161,-0.23429285778017286
allow,143,164,307,-0.23510621652808067
kids,880,1009,1889,-0.2353153709687919
shocked,95,109,204,-0.23542760103395163
scenes,2403,2756,5159,-0.23577016742174264
sure,1235,1419,2654,-0.23835720786413425
titles,73,84,157,-0.23927646091434698
abandoned,86,99,185,-0.24006576237545135
aside,218,251,469,-0.24099448977345578
anyways,52,60,112,-0.24268708907699893
attractive,162,187,349,-0.2445202469359534
gets,1496,1727,3223,-0.24516280124604692
male,291,336,627,-0.24517999087834758
subplot,77,89,166,-0.2457607414585457
text,70,81,151,-0.24724617130081097
around,1658,1917,3575,-0.2474169350708005
teens,89,103,192,-0.24774054970359577
characterization,57,66,123,-0.24786175402534133
strike,57,66,123,-0.24786175402534133
site,108,125,233,-0.24806169097481945
shooting,216,250,466,-0.24851294793701054
believing,63,73,136,-0.24905702753272557
thousand,63,73,136,-0.24905702753272557
audience,983,1138,2121,-0.24920670332661943
afraid,158,183,341,-0.24936659217233256
worked,290,336,626,-0.250137710674315
anyone,1187,1376,2563,-0.2511464659584156
correct,100,116,216,-0.25120382294387866
statement,87,101,188,-0.25219417482137424
called,585,679,1264,-0.25287374973470317
middle,366,425,791,-0.25341530302067766
types,111,129,240,-0.25397775723477617
acts,179,208,387,-0.2541329090901392
resemblance,49,57,106,-0.2542028003332928
explosion,49,57,106,-0.2542028003332928
ten,364,423,787,-0.2545125244737885
letting,67,78,145,-0.25587452130932314
down,1634,1902,3536,-0.257116446092169
quality,578,673,1251,-0.2574303558233402
reading,310,361,671,-0.2574717481991633
victim,176,205,381,-0.25753957987902965
responsible,127,148,275,-0.25803505341043487
space,326,380,706,-0.2588828314256416
risk,72,84,156,-0.259039715735777
stayed,84,98,182,-0.259241752642719
shouldnt,155,181,336,-0.26112433733367524
plots,119,139,258,-0.26132387331696594
revenge,244,285,529,-0.261725649879136
urge,47,55,102,-0.2626296274876849
usually,450,526,976,-0.26297579468070525
beast,82,96,178,-0.2642041924907914
toy,70,82,152,-0.264840231315549
laughed,169,198,367,-0.26592310347514075
reporter,93,109,202,-0.2659619691820636
fancy,52,61,113,-0.26633835714164417
give,1547,1813,3360,-0.2669067053371797
practice,46,54,100,-0.26709488313742186
cost,98,115,213,-0.26776659142820824
comment,295,346,641,-0.26776659142820824
main,1038,1218,2256,-0.26867440434721995
executive,57,67,124,-0.26939491557498246
talked,57,67,124,-0.26939491557498246
ive,1534,1802,3336,-0.2702999831302269
photographer,51,60,111,-0.27043207955990317
investigate,51,60,111,-0.27043207955990317
teacher,136,160,296,-0.27174171567097755
hang,62,73,135,-0.2719574296428044
direction,624,734,1358,-0.27213028841684966
considering,249,293,542,-0.27239005724131876
impossible,224,264,488,-0.2746216468414058
know,2800,3299,6099,-0.2746323589351033
horrific,72,85,157,-0.27601279433949033
director,1761,2078,3839,-0.2768076425979358
twin,55,65,120,-0.27707650465587125
trailer,166,196,362,-0.27707650465587125
womans,66,78,144,-0.27740768285896444
drinking,77,91,168,-0.2776448024783319
earth,391,462,853,-0.27851042758116096
using,363,429,792,-0.2787721366873964
hero,418,494,912,-0.2788122676772942
adequate,49,58,107,-0.2790774689723219
hot,291,344,635,-0.2790774689723219
sexually,60,71,131,-0.2790774689723221
look,1866,2206,4072,-0.2794936081414433
instance,131,155,286,-0.27992115030682724
diamond,54,64,118,-0.2811123001148547
childrens,81,96,177,-0.2817982525055297
appear,282,334,616,-0.28182471280743787
soldiers,195,231,426,-0.2819129554214111
example,622,737,1359,-0.2826385816496496
handle,75,89,164,-0.28348040740770447
appears,382,453,835,-0.2837121724170355
snow,64,76,140,-0.28422995673792456
card,64,76,140,-0.28422995673792456
girlfriend,256,304,560,-0.2855527717678053
add,367,436,803,-0.28630677337423993
vehicle,106,126,232,-0.2863533239369988
cartoon,239,284,523,-0.28647236603892867
generally,212,252,464,-0.28688991608261966
news,148,176,324,-0.2872746219389415
finish,185,220,405,-0.28742883840524414
bear,105,125,230,-0.28851373471211383
funny,1914,2277,4191,-0.2885527633077794
managed,194,231,425,-0.28931140774257136
cruise,52,62,114,-0.2896081364644914
hardy,73,87,160,-0.28960813646449163
hide,94,112,206,-0.28960813646449163
mirror,73,87,160,-0.28960813646449163
line,784,934,1718,-0.29049058624558766
pack,62,74,136,-0.29145360526860153
target,93,111,204,-0.29207480950119513
deliver,150,179,329,-0.2922897265318762
nude,87,104,191,-0.29421738971708106
cult,200,239,439,-0.29449278874978696
prevent,56,67,123,-0.2947060041041701
strip,56,67,123,-0.2947060041041701
depressing,102,122,224,-0.2952272089656516
involves,102,122,224,-0.2952272089656516
student,163,195,358,-0.29594734127779676
cruel,81,97,178,-0.29667152898706
skin,91,109,200,-0.2971565907856579
evil,648,776,1424,-0.29794871960412883
nightmare,141,169,310,-0.2985525897729886
offer,171,205,376,-0.2989991869773976
mansion,70,84,154,-0.29939745335191786
weapons,75,90,165,-0.2995105172266534
stolen,85,102,187,-0.2996969540880752
flashbacks,110,132,242,-0.30001535952765673
actors,2013,2415,4428,-0.30068574995484987
interest,460,552,1012,-0.3008426776559855
girls,589,707,1296,-0.3013077042080091
talent,412,495,907,-0.30256030752183694
thousands,69,83,152,-0.30283258921907175
far,1303,1566,2869,-0.30322355630402453
went,663,797,1460,-0.3034574227505655
standing,108,130,238,-0.3044241335939321
ever,2661,3204,5865,-0.30592907306204464
felt,690,831,1521,-0.3061442184977452
comparison,112,135,247,-0.3064372196053614
fly,97,117,214,-0.30725600228391603
costume,97,117,214,-0.30725600228391603
shot,896,1080,1976,-0.3073929534596594
argument,53,64,117,-0.30782963849063416
technically,87,105,192,-0.3079574463433835
folks,155,187,342,-0.3080453847211675
ground,150,181,331,-0.3082754307045757
prove,120,145,265,-0.31005537614684925
cube,62,75,137,-0.31068982413151897
steal,110,133,243,-0.31086274176464934
writer,354,428,782,-0.31157894634151073
picked,148,179,327,-0.3115902824908125
built,100,121,221,-0.31183018189537937
comical,76,92,168,-0.31206298729218745
knock,52,63,115,-0.31250853857457034
cause,238,288,526,-0.3126514221084978
basic,233,282,515,-0.31289768706141496
fast,327,396,723,-0.3138953287476928
left,942,1141,2083,-0.314435705537202
bits,132,160,292,-0.3146503071402684
plague,61,74,135,-0.31472338459144883
clearly,405,491,896,-0.31555887159183443
laughing,235,285,520,-0.3158330552185866
korean,56,68,124,-0.31592249001386585
darkness,84,102,186,-0.3166700326917887
happen,465,565,1030,-0.31881522589955363
villain,255,310,565,-0.31933934675138703
comedian,69,84,153,-0.3200077330272038
1960s,69,84,153,-0.3200077330272038
picking,55,67,122,-0.3204691001692518
drive,161,196,357,-0.3210645170332085
fire,267,325,592,-0.3211880213456533
expectations,179,218,397,-0.32171880514607404
broad,50,61,111,-0.32237239205597223
happened,480,585,1065,-0.32320210919599157
already,617,752,1369,-0.3233218146435513
reviewers,123,150,273,-0.3233218146435513
assistant,63,77,140,-0.32550908797059885
bet,108,132,240,-0.3263666864746091
silver,58,71,129,-0.32757598666351173
religious,130,159,289,-0.32757598666351195
religion,103,126,229,-0.32757598666351195
purely,76,93,169,-0.32757598666351195
critic,49,60,109,-0.3275759866635122
shock,161,197,358,-0.3283878578390675
served,71,87,158,-0.3294091445224663
mile,53,65,118,-0.33002538460483044
fair,200,245,445,-0.33019015732829976
impression,182,223,405,-0.33044773688446505
code,79,97,176,-0.3325167279337822
christmas,273,335,608,-0.33284130287615393
maker,48,59,107,-0.3329742905893429
talk,368,452,820,-0.33432254234402503
tied,65,80,145,-0.3355632460456936
bright,117,144,261,-0.336478105404206
ended,243,299,542,-0.3367036001749703
forward,269,331,600,-0.3367929668286092
machine,134,165,299,-0.3372944137191205
actual,355,437,792,-0.3375028265688029
run,506,623,1129,-0.3378966604970588
wait,314,387,701,-0.33920566275083786
laughs,287,354,641,-0.34029304087630546
woods,188,232,420,-0.3407355621952565
weird,290,358,648,-0.3415043247659026
fatal,55,68,123,-0.34168558607894767
plan,187,231,418,-0.34219096734552024
etc,501,619,1120,-0.3429239509969478
eating,101,125,226,-0.3442770062341226
answer,160,198,358,-0.3446350794891815
huge,421,521,942,-0.3452039910462104
filmmaker,151,187,338,-0.3456421713788193
title,655,811,1466,-0.3460646837947437
alex,96,119,215,-0.346479140181195
say,2393,2964,5357,-0.3467363601385636
appeal,196,243,439,-0.34746182929226277
forgive,58,72,130,-0.3476137399000569
read,859,1065,1924,-0.34803041777316934
corny,112,139,251,-0.34840949008067734
group,452,561,1013,-0.34943759989856044
jumps,70,87,157,-0.3497291289020622
meant,273,339,612,-0.34994011092070215
pacing,132,164,296,-0.3501645937532068
cheating,45,56,101,-0.3504536916850184
happening,169,210,379,-0.35060432939857905
starts,544,676,1220,-0.35122725472815713
bite,49,61,110,-0.35122725472815736
surely,185,230,415,-0.3514169332770615
1980s,86,107,193,-0.35163399142126267
kind,1224,1522,2746,-0.3523188236982436
resolution,57,71,128,-0.3524506553025411
executed,102,127,229,-0.3529427068219388
1st,61,76,137,-0.35294270682193896
mike,118,147,265,-0.35389726481947154
product,101,126,227,-0.3557270269776607
tall,52,65,117,-0.3572468533398546
production,765,955,1720,-0.3579228649461955
like,8753,10929,19682,-0.35836488725123217
drag,92,115,207,-0.35843695036827256
possible,440,550,990,-0.3596699141124822
gags,115,144,259,-0.36124601055314814
military,190,238,428,-0.3622676379807164
surrounded,59,74,133,-0.362420126622745
improved,51,64,115,-0.3627960977085628
connect,51,64,115,-0.3627960977085628
bell,47,59,106,-0.36303152444552256
gang,173,217,390,-0.3641491076263566
walks,94,118,212,-0.3645701941457137
cannot,486,610,1096,-0.3656208596748187
bollywood,74,93,167,-0.3657953088940022
clips,70,88,158,-0.36612356715273087
per,62,78,140,-0.366905833698067
sell,101,127,228,-0.3670868891422086
fired,58,73,131,-0.36737699472148677
bodies,93,117,210,-0.3676918561458901
bed,163,205,368,-0.36791712765212736
begin,298,375,673,-0.36915134571799374
speaking,166,209,375,-0.3694974360966165
bizarre,220,277,497,-0.3697784851484747
finished,131,165,296,-0.3698377869834425
videos,61,77,138,-0.37167926940352486
guts,61,77,138,-0.37167926940352486
expected,309,390,699,-0.3734525083962418
kitchen,49,62,111,-0.37449703405100465
list,235,297,532,-0.3752319780510497
reviewer,102,129,231,-0.37539755764963495
tell,754,953,1707,-0.3757814072546002
said,963,1218,2181,-0.37681904889614665
carry,142,180,322,-0.37910628730359414
imagine,321,407,728,-0.38005069125901947
block,48,61,109,-0.3806710326206393
sense,1013,1285,2298,-0.381052890835284
twist,260,330,590,-0.38143626869771047
talks,96,122,218,-0.38225027120301724
awkward,107,136,243,-0.3826336607989194
seems,1591,2021,3612,-0.38310841610430096
result,277,352,629,-0.38320485551721445
calls,114,145,259,-0.3837409242798671
accidentally,88,112,200,-0.3842450106025668
sound,565,719,1284,-0.38553703221900454
basement,58,74,132,-0.38687317034728386
grab,47,60,107,-0.3870769984121735
uncomfortable,65,83,148,-0.3883506604051289
false,83,106,189,-0.38907469722031296
dean,79,101,180,-0.3905223313693478
students,162,207,369,-0.39074098778699734
resembles,50,64,114,-0.3910851421399863
oddly,68,87,155,-0.39124839834032915
proper,100,128,228,-0.3926422274834766
crying,82,105,187,-0.39284634392989626
merely,157,201,358,-0.39349737960921555
evidence,96,123,219,-0.3939795637851243
absolute,153,196,349,-0.3943600263569541
pat,60,77,137,-0.39533053746817015
average,301,386,687,-0.3963797814932895
getting,708,908,1616,-0.39678803078462405
smoking,49,63,112,-0.3973974361610834
holiday,63,81,144,-0.39811283692743876
treated,119,153,272,-0.39929740685795784
repeatedly,52,67,119,-0.40063944885323516
parody,100,129,229,-0.4038259659761523
sean,110,142,252,-0.40498491912919915
start,734,947,1681,-0.40543282197070146
beer,51,66,117,-0.4068512777864984
hadnt,123,159,282,-0.40711475164871863
chase,181,234,415,-0.40768774398815266
simplistic,44,57,101,-0.40782598944650444
jail,71,92,163,-0.4095794932064496
producing,47,61,108,-0.41072826647681887
funnier,74,96,170,-0.4113578862744458
speak,222,288,510,-0.41283535226024926
beaten,50,65,115,-0.4132808882541827
turned,386,501,887,-0.4138506561558603
falls,368,478,846,-0.41492367485948284
walken,53,69,122,-0.41554345579088764
insane,103,134,237,-0.4160447745258261
mild,56,73,129,-0.4175627518897036
stiller,46,60,106,-0.4177737956350902
rest,780,1017,1797,-0.4206276266442274
stretch,62,81,143,-0.4210132390375176
mistakes,85,111,196,-0.42111675450293395
rescue,98,128,226,-0.4216420992060288
five,367,479,846,-0.4218559347629309
wear,78,102,180,-0.42292872008234605
commit,55,72,127,-0.4235625931333554
absolutely,642,840,1482,-0.42562073462345384
might,1252,1639,2891,-0.42651466777901714
beyond,370,485,855,-0.42806712258188534
names,167,219,386,-0.4281292136587505
hired,80,105,185,-0.4282516800610951
store,211,277,488,-0.42989947758604563
jessica,70,92,162,-0.42989947758604563
escapes,70,92,162,-0.42989947758604563
going,1745,2290,4035,-0.4300915754337811
floor,118,155,273,-0.43009689070087037
intended,166,218,384,-0.43018047189786307
quick,137,180,317,-0.4306365879436761
looking,973,1278,2251,-0.43126864598988096
rated,165,217,382,-0.43225355339739985
crude,79,104,183,-0.4325455462650545
benefit,44,58,102,-0.43270065808553354
weapon,63,83,146,-0.43308897517041345
filmmaking,136,179,315,-0.43315226237172577
anyway,464,611,1075,-0.43474327161326054
sleeping,75,99,174,-0.43628925068709695
started,411,542,953,-0.436800076378743
hate,326,430,756,-0.43699961531894005
yourself,423,558,981,-0.43726468061964313
required,81,107,188,-0.43753406482690965
teach,59,78,137,-0.43787235505221045
sort,625,825,1450,-0.43832770021596507
clothes,136,180,316,-0.4411672554358456
name,663,877,1540,-0.44137202929025654
legs,67,89,156,-0.4450695496819524
attacks,67,89,156,-0.4450695496819524
contain,67,89,156,-0.4450695496819524
massive,82,109,191,-0.44653421482388445
keaton,106,141,247,-0.44801799207457116
let,701,932,1633,-0.44872999099122807
translation,48,64,112,-0.44938378270465346
handful,54,72,126,-0.4497941347065352
chasing,57,76,133,-0.4499671612168035
dialogs,60,80,140,-0.45012301030854956
cares,96,128,224,-0.4512368813943247
edited,102,136,238,-0.45134641088293354
bank,108,144,252,-0.45144381952472634
storyline,351,468,819,-0.45259372805517833
suit,125,167,292,-0.45454310086288974
kinda,116,155,271,-0.4546539949448493
properly,71,95,166,-0.4556268607258861
hitting,53,71,124,-0.45647371984576945
popcorn,47,63,110,-0.45689844790974504
count,142,190,332,-0.45689844790974526
free,268,359,627,-0.4591390519224121
angry,141,189,330,-0.45946516480773614
belief,79,106,185,-0.45989603441000987
drunk,114,153,267,-0.4609604267417626
believe,1062,1424,2486,-0.46106214987995153
unable,105,141,246,-0.46162842359322426
stuck,146,196,342,-0.4616980173048855
dropped,55,74,129,-0.46282202358058255
theater,347,466,813,-0.462933472709416
doesnt,1948,2616,4564,-0.4633436969142048
psychotic,49,66,115,-0.46399518489010716
theory,81,109,190,-0.4641282748386228
material,319,429,748,-0.46491156965999625
needed,287,386,673,-0.4649758275616368
stuff,493,663,1156,-0.46511575038232267
desert,104,140,244,-0.4651365576085704
ideas,252,339,591,-0.4651975560741017
trailers,43,58,101,-0.4654905932032031
kept,318,428,746,-0.4660712013247265
hunter,92,124,216,-0.4666898410202959
point,1338,1802,3140,-0.46745148995593405
try,774,1043,1817,-0.46816282583879343
spends,80,108,188,-0.46870372379838915
boyfriend,149,201,350,-0.46870372379838915
forced,280,378,658,-0.4703618988454657
million,154,208,362,-0.470509915008816
cared,51,69,120,-0.4705099150088162
laugh,555,750,1305,-0.4721345297001234
simply,834,1127,1961,-0.47221284824867144
gods,65,88,153,-0.4722519180140742
making,1105,1494,2599,-0.4730332413303954
watching,1940,2623,4563,-0.4731337263258877
whole,1302,1762,3064,-0.4744092544761746
attached,56,76,132,-0.4752782497459909
filming,165,224,389,-0.47795359740245624
2000,64,87,151,-0.4780532258776018
doing,672,912,1584,-0.4783596606792825
catholic,61,83,144,-0.4792591566033395
superficial,47,64,111,-0.4794410165608331
designed,83,113,196,-0.4809135642853895
straight,319,434,753,-0.48160961533593283
turning,141,192,333,-0.4821257622189084
cops,132,180,312,-0.48407584690513644
chose,85,116,201,-0.4844029992369095
myself,481,656,1137,-0.48532858251795447
slow,420,573,993,-0.48575705522920753
pretty,1540,2101,3641,-0.48609014358115005
head,620,846,1466,-0.4861482272338119
creatures,90,123,213,-0.4865907139699994
piece,638,871,1509,-0.48688341389148815
directing,265,362,627,-0.48733850356667
kid,462,631,1093,-0.48739873785240473
exception,169,231,400,-0.48779628959241955
confused,158,216,374,-0.48795355405584473
upset,65,89,154,-0.48846214519533293
actually,1782,2436,4218,-0.48897751532959216
should,2087,2856,4943,-0.4905417018036982
female,388,532,920,-0.4929362961740175
fault,99,136,235,-0.4942018898447307
enough,1444,1982,3426,-0.4948200314952521
decide,203,279,482,-0.49588885804547
normally,128,176,304,-0.49596919354582925
want,1554,2135,3689,-0.4961926507696047
iii,53,73,126,-0.49627472790374444
jump,117,161,278,-0.49694277759745215
ship,130,179,309,-0.49800340672169374
act,516,710,1226,-0.4981356698462476
dies,159,219,378,-0.4987338852390158
ego,42,58,100,-0.49904315291422974
something,2083,2869,4952,-0.49985964383324655
die,299,412,711,-0.49990748581291944
admittedly,55,76,131,-0.5010413458110728
plane,131,181,312,-0.5029761181719754
buried,52,72,124,-0.503732941817339
expensive,57,79,136,-0.5054622738085071
sounds,266,368,634,-0.5055984558044206
somehow,315,436,751,-0.5064110181154179
corrupt,54,75,129,-0.5082897840166797
ruin,85,118,203,-0.5089601034808884
reviews,300,416,716,-0.5090208741228891
cutting,77,107,184,-0.5101378137837496
attempted,56,78,134,-0.5125111559449663
animal,133,185,318,-0.5126488144017765
footage,271,377,648,-0.5135938158766069
par,66,92,158,-0.5141683944836496
isnt,1329,1849,3178,-0.5143208927348545
cars,117,163,280,-0.5146992484016099
running,403,561,964,-0.5147867185913477
blockbuster,76,106,182,-0.5153911470017135
sympathy,81,113,194,-0.5158897025283643
removed,45,63,108,-0.5189594160419967
nasty,141,197,338,-0.51911996970111
hair,198,277,475,-0.5214181335630377
box,238,333,571,-0.5217668646476005
size,47,66,113,-0.5234961966387688
advance,42,59,101,-0.5234961966387688
biggest,214,300,514,-0.5244567126801668
steven,99,139,238,-0.5255660607540656
context,106,149,255,-0.5273614234407937
non,49,69,118,-0.527653822112425
apparent,128,180,308,-0.52829984716182
produce,93,131,224,-0.5300938988731926
shoots,56,79,135,-0.5307733623376946
describe,137,193,330,-0.5309713172009153
better,2359,3320,5679,-0.5309886965562005
ask,264,372,636,-0.5320420727040249
murdered,107,151,258,-0.5330505033520176
humans,131,185,316,-0.5344257567970281
driving,109,154,263,-0.5347453377717282
cop,228,322,550,-0.535174364721074
hours,403,569,972,-0.5351965378988586
shell,48,68,116,-0.5361886102419262
leg,43,61,104,-0.5376403789590386
incredibly,258,365,623,-0.5377764951060297
wrote,221,313,534,-0.5392281137155475
nor,281,398,679,-0.5395141713787692
blows,50,71,121,-0.5397292234951218
boat,98,139,237,-0.5401388618413382
suddenly,220,312,532,-0.5411469034604557
editor,45,64,109,-0.5415019846930847
fell,143,203,346,-0.5420474270590862
body,385,547,932,-0.5441974740420285
stop,401,570,971,-0.544896268239894
thinks,179,255,434,-0.5474088165830971
impress,42,60,102,-0.5475416706054198
original,1378,1962,3340,-0.5476627561246878
shots,388,553,941,-0.5487380878423691
intelligence,133,190,323,-0.5510206252742952
ron,72,103,175,-0.5516472369529178
totally,537,767,1304,-0.5519713652492462
anywhere,123,176,299,-0.5532265111550295
commercials,46,66,112,-0.5541929938616852
pretend,46,66,112,-0.5541929938616852
van,199,285,484,-0.5551713686090238
suffers,83,119,202,-0.5552318849752231
off,2273,3254,5527,-0.5555902796128823
hill,92,132,224,-0.5565364584027764
nurse,48,69,117,-0.557097600004907
rolling,71,102,173,-0.5576781321955834
diane,41,59,100,-0.5578477014295458
disappear,41,59,100,-0.5578477014295458
excited,94,135,229,-0.557975986601326
goofy,64,92,156,-0.558223574561585
bucks,57,82,139,-0.5589015327699673
device,73,105,178,-0.5594962133393478
curiosity,50,72,122,-0.559766976731667
mention,332,477,809,-0.5602157620030862
furthermore,43,62,105,-0.5609101582818857
kill,497,715,1212,-0.5623246107641833
exact,77,111,188,-0.5628448641145942
aforementioned,54,78,132,-0.5645057935832276
wanted,551,795,1346,-0.5665704142081922
ill,465,671,1136,-0.5666756013371756
anybody,119,172,291,-0.5676551131533097
happens,439,634,1073,-0.5678263681662289
lines,626,904,1530,-0.5678753627679074
saves,58,84,142,-0.5685840861673067
precious,49,71,120,-0.5685840861673069
youre,788,1140,1928,-0.5705531559901542
shame,270,391,661,-0.5714530829327524
hood,62,90,152,-0.5721309718896453
bloody,122,177,299,-0.5731066448580008
ghosts,75,109,184,-0.5744516897446215
farce,48,70,118,-0.577707879680193
screams,48,70,118,-0.577707879680193
rating,361,525,886,-0.5777644864795873
cuts,107,156,263,-0.579895366811685
gotta,52,76,128,-0.581211694495056
guys,550,802,1352,-0.5818281979138236
concept,207,302,509,-0.5818931753961966
fighter,41,60,101,-0.5818931753961968
theyve,104,152,256,-0.5833756698378928
manage,110,161,271,-0.5855571647710202
succeed,60,88,148,-0.5868116822769303
single,356,521,877,-0.5868345455444046
cant,1512,2213,3725,-0.5874636005170736
drop,75,110,185,-0.5875671895348797
lighting,144,211,355,-0.5876575400877978
theatre,126,185,311,-0.5903511713950204
dead,702,1030,1732,-0.5908437438994947
entire,592,869,1461,-0.5914402429894927
destroyed,72,106,178,-0.5928698996794309
decided,285,419,704,-0.5932494345455074
matrix,74,109,183,-0.5936879086075388
door,163,240,403,-0.5948156277404862
camera,651,958,1609,-0.5950826225685432
tame,44,65,109,-0.5957589400395793
soap,105,155,260,-0.5977409508919445
video,635,937,1572,-0.5989959347341737
desperately,71,105,176,-0.5992972213973227
stunt,52,77,129,-0.5999482570766419
hundred,58,86,144,-0.6023328775218469
word,352,521,873,-0.6031133647021368
loud,158,234,392,-0.6031744518444963
maybe,920,1362,2282,-0.6038359726702716
thats,1503,2225,3728,-0.6038740023467934
distracting,43,64,107,-0.6063531290430526
staff,43,64,107,-0.6063531290430526
explaining,43,64,107,-0.6063531290430526
attack,177,263,440,-0.6080533067136972
stay,311,462,773,-0.6082905718481996
pay,232,345,577,-0.6095243638613919
elsewhere,55,82,137,-0.6099757173642368
writing,512,762,1274,-0.6112547024133298
scream,104,155,259,-0.6114810075182467
horror,1342,1999,3341,-0.6127865624058811
ass,81,121,202,-0.6141537188432304
rape,136,203,339,-0.6141972128149216
exploitation,87,130,217,-0.6147642542060828
value,205,306,511,-0.6148180494776256
blonde,103,154,257,-0.6160454398735764
burton,46,69,115,-0.6178516310840029
killed,440,658,1098,-0.6181107908046278
listed,50,75,125,-0.6182626260418113
car,474,709,1183,-0.6184639665079688
talking,369,552,921,-0.61846946960117
else,767,1148,1915,-0.6195815705889091
spoilers,227,340,567,-0.6198576223945397
stopped,92,138,230,-0.6204300750014032
gun,206,309,515,-0.6218669972633463
practically,93,140,233,-0.6256012298018163
attempting,65,98,163,-0.626698187387453
hint,59,89,148,-0.6270673834248397
reduced,47,71,118,-0.6280850979159686
theyll,47,71,118,-0.6280850979159686
scripted,45,68,113,-0.6283068122303574
titled,43,65,108,-0.6285488751572489
trying,983,1482,2465,-0.6301045166233626
qualities,82,124,206,-0.6317490872907922
claims,81,123,204,-0.6377084468221271
dollars,77,117,194,-0.6384619107592892
spend,201,305,506,-0.6384619107592894
scares,73,111,184,-0.6392969245524676
attempts,231,351,582,-0.6405818652808258
lets,389,594,983,-0.6481228511525137
aimed,47,72,119,-0.6481228511525137
phone,123,188,311,-0.6481228511525137
hanging,85,130,215,-0.6481228511525139
credits,261,399,660,-0.6494539261495622
lake,96,147,243,-0.6501834764496504
butt,41,63,104,-0.6517146248937683
dozen,73,112,185,-0.6521782158491999
development,249,383,632,-0.6582561316341998
hopes,109,168,277,-0.659887091049212
burned,44,68,112,-0.660368021462656
models,40,62,102,-0.6640036512459893
arent,347,537,884,-0.6673211463344798
otherwise,259,401,660,-0.6677348186279608
remaining,47,73,120,-0.6678861059739434
guns,109,169,278,-0.6684237730036975
care,538,835,1373,-0.6717628529855074
hip,52,81,133,-0.6725520060334821
college,185,288,473,-0.675221501493206
dragon,66,103,169,-0.6762738914666626
miserable,39,61,100,-0.6768031266306639
3rd,39,61,100,-0.6768031266306639
possibly,274,427,701,-0.6771876402365884
exist,114,178,292,-0.678645845400683
dont,3313,5169,8482,-0.6797381982144892
thinking,450,703,1153,-0.681092686891521
brains,44,69,113,-0.6812770112256368
scientists,58,91,149,-0.6834044881691649
sign,105,165,270,-0.6876575875685598
nobody,163,256,419,-0.6877375595774986
forgot,68,107,175,-0.6882301360974603
cut,363,570,933,-0.6883408918376143
heads,110,173,283,-0.6889586626553562
dialogue,590,927,1517,-0.6894795915795354
childish,45,71,116,-0.6901460660482199
gory,87,137,224,-0.6901460660482203
sick,186,293,479,-0.6922542423233414
camerawork,50,79,129,-0.6927408420010877
attacked,62,98,160,-0.6943369042628162
hardly,237,374,611,-0.6951075747089681
banned,41,65,106,-0.6964529396590526
dialogues,41,65,106,-0.6964529396590526
kills,205,324,529,-0.6971494537859826
pass,160,253,413,-0.6974818193495642
spoiler,153,242,395,-0.6978154611728377
destroy,84,133,217,-0.6978858648738966
didnt,1690,2677,4367,-0.7015059282127679
term,61,97,158,-0.7028851778788979
effects,826,1310,2136,-0.7030999985046305
thrown,156,248,404,-0.7051525640981949
trees,42,67,109,-0.7054940303816561
scenario,69,110,179,-0.7070308561364512
aint,69,110,179,-0.7070308561364512
virtually,82,131,213,-0.7106661445150133
sex,607,970,1577,-0.7139131736890474
wondering,138,221,359,-0.7154900919743571
island,198,317,515,-0.7156869539850977
dubbed,81,130,211,-0.7172472118073341
filmmakers,258,414,672,-0.7192771906493429
purpose,165,265,430,-0.7199500134654631
throws,64,103,167,-0.720329071544598
acceptable,49,79,128,-0.7215957046732727
misses,44,71,115,-0.7222072752805185
minute,250,402,652,-0.722247549275298
theyre,474,762,1236,-0.7223986197850286
call,349,562,911,-0.7246300101974902
competent,52,84,136,-0.7247032880845888
obvious,403,650,1053,-0.727049752908542
curse,55,89,144,-0.7274692803826772
victims,151,244,395,-0.7285860409478098
project,185,299,484,-0.7292061856365093
remote,61,99,160,-0.732179484672936
explain,171,277,448,-0.7323485645331829
complete,391,633,1024,-0.7324016813182959
gay,221,358,579,-0.7327357896154134
lou,43,70,113,-0.7346772260185922
robots,43,70,113,-0.7346772260185922
tries,484,785,1269,-0.7351839793476421
summary,67,109,176,-0.7360408320188695
completely,717,1164,1881,-0.7367292721163429
conspiracy,46,75,121,-0.7373152976855744
bag,54,88,142,-0.737490594774598
spoof,62,101,163,-0.737621001991616
calling,65,106,171,-0.7393559881569151
theres,1169,1902,3071,-0.7400739615070072
sitting,170,277,447,-0.7407854016818229
thirty,44,72,116,-0.7422450285170638
campy,66,108,174,-0.7443381664118167
damn,134,219,353,-0.7446841364472611
kapoor,39,64,103,-0.7455158767146782
props,39,64,103,-0.7455158767146782
wow,149,244,393,-0.7477583502226555
base,64,105,169,-0.747941302752458
god,385,631,1016,-0.750121243341045
flicks,134,220,354,-0.7512418524694233
pointed,51,84,135,-0.752448278567493
blood,426,700,1126,-0.753908678581055
hardcore,43,71,114,-0.754997210398188
wearing,116,191,307,-0.7550838067392039
superman,106,175,281,-0.7586869695472493
whats,322,531,853,-0.7588399006890152
franchise,55,91,146,-0.7593533414024635
whatever,263,434,697,-0.7596225846457128
goodness,38,63,101,-0.7599675155457914
amy,38,63,101,-0.7599675155457914
tree,58,96,154,-0.7601616871532029
lower,78,129,207,-0.760256908263454
disappointed,342,566,908,-0.7640413374411537
heck,82,136,218,-0.7645042961425638
possessed,39,65,104,-0.7677116228288744
strictly,48,80,128,-0.7690734053960165
accent,178,296,474,-0.7701773999854309
hell,409,681,1090,-0.7729195746327279
acting,2390,3978,6368,-0.772981562777776
eat,100,167,267,-0.775034963634733
asking,85,142,227,-0.775034963634733
scary,362,605,967,-0.7782153342605589
giant,138,231,369,-0.7791955866795751
hed,68,114,182,-0.7792410746049442
failing,44,74,118,-0.7815044589642908
loosely,44,74,118,-0.7815044589642908
promise,81,136,217,-0.7820983561573019
teen,103,173,276,-0.7833742645474628
shut,60,101,161,-0.7845420493791087
killer,505,848,1353,-0.7852729371081759
makeup,148,249,397,-0.7866462540050216
warrior,42,71,113,-0.7885497701092146
tired,140,236,376,-0.7893394225869962
wonder,383,646,1029,-0.7914931617758479
jokes,353,596,949,-0.7928812923543561
review,312,527,839,-0.7933842735136252
experiment,62,105,167,-0.7933842735136252
doctors,43,73,116,-0.794798218456163
laurel,43,73,116,-0.794798218456163
killing,250,423,673,-0.795620735605517
imdb,231,391,622,-0.7960694834993313
juvenile,40,68,108,-0.796251449544429
potential,225,381,606,-0.7966249930476764
deaths,76,129,205,-0.7974898144624292
seemed,506,857,1363,-0.7976437717275635
satan,37,63,100,-0.797935365744812
obviously,428,726,1154,-0.7997369629888684
convoluted,44,75,119,-0.8007406778272083
hey,143,243,386,-0.8009404048751815
millions,54,92,146,-0.8012665052079129
walking,157,267,424,-0.8022564323697575
basically,333,566,899,-0.8024585641044578
virus,48,82,130,-0.8044787415272152
either,677,1153,1830,-0.8057945219102758
writers,255,435,690,-0.8074187971297702
computer,164,280,444,-0.8079825563420783
sleep,114,195,309,-0.8098903786789355
judging,37,64,101,-0.8204779343959001
avoided,37,64,101,-0.8204779343959001
plot,2336,4023,6359,-0.822171364959084
sadly,207,357,564,-0.8229012748999917
looks,882,1520,2402,-0.8229470023407819
dry,81,140,221,-0.8237675354583756
teeth,63,109,172,-0.8241717422975346
thing,1637,2826,4463,-0.8255911598117691
pregnant,64,111,175,-0.8277420139655777
wrong,652,1129,1781,-0.8297038334043647
research,80,139,219,-0.8312738031830975
warning,111,193,304,-0.8333592256926328
weekend,77,134,211,-0.8334073267509138
minimal,43,75,118,-0.8335306129448777
someone,815,1415,2230,-0.8336243366623897
anything,1069,1856,2925,-0.833718202158223
paying,66,115,181,-0.834535975383395
root,44,77,121,-0.8384603437763667
category,76,133,209,-0.8413774584634293
saving,96,168,264,-0.842217113382305
string,41,72,113,-0.8429390281365366
walk,180,315,495,-0.8437105375639051
racist,61,107,168,-0.8437477137187472
cash,77,135,212,-0.8440940055481612
intent,42,74,116,-0.8478469537929868
editing,273,479,752,-0.8480593516941012
demon,55,97,152,-0.8509838168680317
thin,117,206,323,-0.8515503943229724
sequel,291,512,803,-0.8521254906608389
reasonably,43,76,119,-0.8525137163124502
positive,185,326,511,-0.8537331743941543
shower,56,99,155,-0.8545150275969882
somewhere,174,307,481,-0.8554287434854768
setup,48,85,133,-0.8560090421672972
theyd,48,85,133,-0.8560090421672972
rip,62,110,172,-0.8601876441978715
cheesy,224,397,621,-0.8623087848990978
lowbudget,98,174,272,-0.8631007762218028
derek,46,82,128,-0.8652327726063112
frankly,91,162,253,-0.8666654391003014
cameras,42,75,117,-0.8670831726559043
friday,69,123,192,-0.8674955283296972
sit,248,442,690,-0.8705009728766006
sole,43,77,120,-0.8712502788940361
scare,76,136,212,-0.8734386676957279
thugs,39,70,109,-0.8738399736902177
gross,53,95,148,-0.8740312111031285
bush,44,79,123,-0.8752188937864845
wood,82,147,229,-0.8763182994719149
annie,40,72,112,-0.8781284565988369
idea,727,1302,2029,-0.8783335888387513
killings,46,83,129,-0.8826148508345477
loser,47,85,132,-0.8860662760234767
wasnt,832,1501,2333,-0.8889516670670523
naked,150,271,421,-0.8892580805131864
hire,43,78,121,-0.8897466225114257
relies,38,69,107,-0.8902239014971329
budget,521,941,1462,-0.8903632115629894
stereotypes,86,156,242,-0.8934599887644208
fifteen,45,82,127,-0.8965969435156464
screenwriter,51,93,144,-0.8984633021729452
monsters,102,186,288,-0.9016210902183187
propaganda,69,126,195,-0.9021218714393298
flick,425,774,1199,-0.9021754765721329
guy,1023,1863,2886,-0.9025730861739661
problem,510,930,1440,-0.904164558649877
least,1096,1999,3095,-0.9048028386050628
dragged,48,88,136,-0.9057620773643968
corpse,43,79,122,-0.9080088289041539
nuclear,44,81,125,-0.9110640927332069
half,608,1114,1722,-0.9111368180145509
asian,76,140,216,-0.9151078469968013
nose,46,85,131,-0.9167630732463934
remake,213,394,607,-0.9238585998614953
dialog,267,494,761,-0.9245009989391287
convince,69,128,197,-0.9247528459388975
drink,50,93,143,-0.9267523466043691
flash,44,82,126,-0.9286581527479449
favor,86,160,246,-0.9298706289541055
why,1835,3406,5241,-0.9301864617970237
whoever,68,127,195,-0.9343907233668582
hills,54,101,155,-0.9352209618767768
holes,120,224,344,-0.9357516679797124
blair,55,103,158,-0.9371404606177461
sequels,78,146,224,-0.9382054749991479
scripts,56,105,161,-0.9389895957605244
forest,65,122,187,-0.9412843069336473
jerk,42,79,121,-0.9415613886151807
lacked,42,79,121,-0.9415613886151807
lying,50,94,144,-0.9421003109378051
cover,176,330,506,-0.9430514577050382
fail,98,184,282,-0.9434945560725466
except,382,716,1098,-0.9435763261506586
mouth,106,199,305,-0.9436046854650344
toys,35,66,101,-0.9436046854650346
wolf,35,66,101,-0.9436046854650346
spare,36,68,104,-0.9462768935490363
creature,109,205,314,-0.9462768935490367
damage,37,70,107,-0.9488020313714395
youd,141,266,407,-0.9514028493958204
neither,186,351,537,-0.9524184282858242
please,352,664,1016,-0.9527153114585455
freddy,76,144,220,-0.9556072092765541
originality,58,110,168,-0.9556072092765541
mistake,146,277,423,-0.9596564762837475
deserve,99,188,287,-0.9598654621935424
sum,54,103,157,-0.9633720021909258
utterly,156,298,454,-0.9696376438007137
flesh,71,136,207,-0.9709551736099901
saying,322,617,939,-0.9752093456299505
wouldnt,365,703,1068,-0.9827483867526225
doll,34,66,100,-0.9848273481915477
hoped,48,93,141,-0.9850509871690362
sadistic,36,70,106,-0.9877961629873031
reason,783,1513,2296,-0.9879528648234602
lack,358,693,1051,-0.9899921330902249
watchable,102,198,300,-0.9915844671060388
truck,56,109,165,-0.9926774666545126
lacking,92,179,271,-0.9945279427752661
saved,93,181,274,-0.9950006475766411
channel,142,278,420,-1.0047847777564547
hurts,36,71,107,-1.0081161473668991
rent,229,450,679,-1.0111023218682573
stiff,41,81,122,-1.0117580923526799
mean,550,1081,1631,-1.0122885658661367
exercise,44,87,131,-1.013547050334458
gonna,81,160,241,-1.0157707023597524
dubbing,50,99,149,-1.0164825072603814
suppose,133,263,396,-1.0190325894181878
looked,337,667,1004,-1.02194970410525
makers,135,268,403,-1.024698606100068
freak,34,68,102,-1.0275769956508847
merit,36,72,108,-1.0281539006034444
reasonable,39,78,117,-1.0289093701830512
meat,39,78,117,-1.0289093701830512
proof,47,94,141,-1.0304561853586518
failure,80,160,240,-1.033581978476213
advice,85,170,255,-1.0338447836068017
empty,89,178,267,-1.0340338562333704
werent,164,328,492,-1.0358751560556152
spent,177,354,531,-1.0360359723159986
tried,256,512,768,-1.0366625482542813
hour,356,712,1068,-1.0370573069641054
stock,83,167,250,-1.0423823623396093
assume,76,153,229,-1.0427763721460548
disbelief,58,117,175,-1.044221596450122
holy,36,73,109,-1.047917155424874
fill,74,150,224,-1.0525205257660675
couldve,56,114,170,-1.0570941951502832
intentions,51,104,155,-1.0589279743661915
christ,47,96,143,-1.0606707984056594
vague,42,86,128,-1.0633066609675499
overdone,41,84,125,-1.0639093744037866
burn,40,82,122,-1.064541580829718
stick,145,296,441,-1.0650823211062468
gratuitous,77,158,235,-1.0702839943336968
rental,67,138,205,-1.0749959384668843
accents,66,136,202,-1.0755440748871898
none,329,676,1005,-1.0758808384370122
write,211,434,645,-1.0767678831629777
grade,118,243,361,-1.0771040826526102
arm,45,93,138,-1.0771691891574673
heres,94,194,288,-1.0794532902336462
pie,41,85,126,-1.0808824530075
effort,256,528,784,-1.0810140152441559
silly,285,589,874,-1.0840704370854468
alien,114,236,350,-1.0845619547109784
blank,37,77,114,-1.0853750842468837
hated,96,199,295,-1.0858572684227923
instead,704,1460,2164,-1.0898601159880692
execution,61,127,188,-1.0899083009881452
clown,33,69,102,-1.0909212517342621
warned,55,115,170,-1.0954025445344786
guess,420,876,1296,-1.0977176599729208
lab,40,84,124,-1.0990988028660866
wouldve,63,132,195,-1.0992332321469227
threw,36,76,112,-1.1056326532811616
stereotypical,56,118,174,-1.1066336559515983
shoot,129,272,401,-1.1113735014462618
offended,33,70,103,-1.1115315314095482
slasher,149,316,465,-1.120129384698763
dear,45,96,141,-1.1227317665379108
scientist,100,213,313,-1.1251099379100886
gag,42,90,132,-1.1285243204140305
promising,65,139,204,-1.1287676797602644
celluloid,33,71,104,-1.131851515789144
seriously,309,661,970,-1.1338711165329391
bomb,68,146,214,-1.134794140930248
skip,93,200,293,-1.1386333360358107
bottom,127,273,400,-1.1391129554022257
premise,225,484,709,-1.141438601628227
low,403,868,1271,-1.1440265449011393
substance,68,147,215,-1.144608430757204
script,940,2025,2965,-1.1448476056317687
bullets,39,85,124,-1.152141136177322
confusing,115,250,365,-1.1549871212476779
producers,154,335,489,-1.156775297764336
throat,37,81,118,-1.1579788332037237
throw,121,264,385,-1.1603807779767716
zero,112,245,357,-1.1638673925661829
consists,45,99,144,-1.1668993498134794
load,34,75,109,-1.167949652015437
sake,76,167,243,-1.16869881212101
unfortunately,417,919,1336,-1.1771427465190503
logic,76,168,244,-1.1772863079577336
drags,40,89,129,-1.1820351438481584
presumably,39,87,126,-1.1854997331237531
zombie,215,478,693,-1.1889004248654544
implausible,33,74,107,-1.1911486994729161
socalled,50,112,162,-1.1936390779337696
priest,66,148,214,-1.197106054768103
explained,87,195,282,-1.1978830549435504
monster,184,413,597,-1.2023358825794057
total,194,436,630,-1.204280868111775
supposedly,111,250,361,-1.2058362627434307
bible,38,86,124,-1.2059110564103503
knife,42,95,137,-1.2061072613665738
okay,212,477,689,-1.206107261366574
jesus,85,192,277,-1.208931490164893
alas,49,111,160,-1.2096126493092223
stomach,49,111,160,-1.2096126493092223
throwing,51,116,167,-1.215754986939589
credibility,46,105,151,-1.2200097470676807
barely,145,330,475,-1.2217004880679347
hollow,34,78,112,-1.2241656615819851
couldnt,459,1048,1507,-1.2282594642760851
disaster,93,213,306,-1.2292671692013806
christian,107,245,352,-1.22945573419376
money,699,1602,2301,-1.233997763809877
apparently,276,633,909,-1.2341345083746296
nothing,1282,2948,4230,-1.2390917377960262
figured,56,130,186,-1.2457964036232239
unpleasant,33,77,110,-1.2481045842849923
raped,36,84,120,-1.249124246870694
whale,30,71,101,-1.26720336868403
attempt,312,733,1045,-1.2690101455924676
rented,100,237,337,-1.2788013815079085
lesbian,58,138,196,-1.2814468159343106
torture,86,205,291,-1.2864357255134853
weak,219,521,740,-1.2865156824529345
decent,334,795,1129,-1.2879250891581138
grave,55,132,187,-1.2935020525689824
terribly,80,192,272,-1.2958671269361737
wreck,34,82,116,-1.2958671269361737
endless,69,166,235,-1.2985066638162814
downright,56,135,191,-1.3000394484072109
overrated,38,92,130,-1.3026642892899376
santa,72,175,247,-1.3134874997581532
fat,78,190,268,-1.317095808070222
nudity,167,407,574,-1.3207083332418321
elvis,42,103,145,-1.3221653908301505
yeah,127,310,437,-1.3221653908301507
synopsis,32,79,111,-1.3285845117244277
mindless,44,109,153,-1.3371229981033026
hoping,115,284,399,-1.3386051703590516
paper,56,139,195,-1.342011718882527
unnecessary,87,217,304,-1.351729848372289
ruined,64,160,224,-1.353271601167576
slap,29,73,102,-1.35509866494305
swear,31,78,109,-1.3554101948602375
hype,37,93,130,-1.3561451388602828
bmovie,52,131,183,-1.3627428410947067
breasts,36,91,127,-1.3639446488725522
errors,30,76,106,-1.3647198745982922
shallow,73,184,257,-1.3658740306925585
security,54,137,191,-1.3731728531036225
secondly,29,74,103,-1.3745948405688475
sounded,49,126,175,-1.3917063240832277
somebody,79,203,282,-1.3940713984504185
below,73,188,261,-1.3968177379008269
chick,60,155,215,-1.3999769023245352
spending,37,96,133,-1.4017077162407263
minutes,818,2111,2929,-1.4052832947956755
bothered,52,135,187,-1.405972893156276
continuity,57,148,205,-1.4068984393249173
annoyed,39,102,141,-1.41376872079687
dollar,43,113,156,-1.4216743609107134
wanna,36,95,131,-1.4256736386242583
aliens,55,145,200,-1.4285288460267047
lacks,100,265,365,-1.4395857290937522
porn,93,247,340,-1.4424596245478623
honestly,122,324,446,-1.443506098465095
gore,262,697,959,-1.4479451636315919
unrealistic,61,163,224,-1.4487016896273697
bunch,220,588,808,-1.4543331289494505
plain,152,408,560,-1.459596205163962
paint,50,135,185,-1.462006928070604
contrived,61,165,226,-1.466242270936505
save,275,741,1016,-1.466463743352
gray,29,79,108,-1.468309275391041
noise,36,98,134,-1.470296630044886
vampire,106,287,393,-1.4707778950744261
outer,27,74,101,-1.4758781764060291
sorry,202,549,751,-1.478266942645771
flies,28,77,105,-1.481303760578023
flat,147,401,548,-1.4827544027366377
brain,110,302,412,-1.490958142239052
absurd,80,220,300,-1.4917873369114305
blatant,27,75,102,-1.4951143952689465
nowhere,115,320,435,-1.5105008746712105
motivation,31,87,118,-1.5120005578009394
repetitive,32,90,122,-1.5155474435232776
predictable,221,617,838,-1.5172018073855487
warn,40,113,153,-1.5247678538748173
cgi,82,231,313,-1.5266155384829476
clue,58,164,222,-1.5296484236203638
painful,108,305,413,-1.5315467068427773
sat,75,213,288,-1.5377568897639384
bore,45,129,174,-1.5470830169563845
overacting,29,84,113,-1.55630575638887
someones,31,90,121,-1.560635333051816
bored,135,389,524,-1.5613998461763245
slightest,31,91,122,-1.5764892842526528
halfway,53,155,208,-1.5773731531979824
paid,89,261,350,-1.584920728451212
failed,120,352,472,-1.5866594805247214
sloppy,29,86,115,-1.5900545477434105
explanation,73,216,289,-1.5966202393588875
ugly,86,255,341,-1.6006206227694237
retarded,38,115,153,-1.623031870189683
generic,26,79,105,-1.623031870189683
werewolf,64,194,258,-1.6304684590314646
lazy,41,125,166,-1.6345734920723742
generous,30,92,122,-1.6387134924219529
painfully,58,178,236,-1.6474849139142222
cheese,35,108,143,-1.649873482408324
blame,71,219,290,-1.6562751622254956
bin,26,81,107,-1.6588770691364052
trash,114,352,466,-1.660345028657739
offensive,50,155,205,-1.6606286568473347
walked,47,146,193,-1.662970615559827
seconds,85,264,349,-1.6673407666966549
renting,42,131,173,-1.6675974226231274
clich,203,630,833,-1.6695369455304996
huh,30,94,124,-1.6695744561267134
wannabe,29,91,120,-1.6711261583907282
disgusting,53,166,219,-1.6759807501386423
senseless,24,76,100,-1.6807473680459704
cabin,41,130,171,-1.690935934691487
coherent,25,80,105,-1.6965609056116484
toilet,30,96,126,-1.6997890691737212
sucked,59,188,247,-1.7016723194292476
dracula,25,81,106,-1.714372181728109
pretentious,63,203,266,-1.7182696669626083
alright,43,139,182,-1.7192471854489861
nonsense,62,204,266,-1.7482421177481888
idiot,42,139,181,-1.7527997451600128
devoid,24,80,104,-1.754276403467936
clumsy,24,81,105,-1.7720876795843965
unbearable,26,88,114,-1.7777544649883252
sellers,23,78,101,-1.7781012666825167
trite,34,115,149,-1.7812939541064157
cheap,198,666,864,-1.7855352374145423
unbelievable,97,331,428,-1.803604115831504
dude,39,135,174,-1.8164376626452958
random,80,276,356,-1.8182881615886168
joke,134,462,596,-1.8199165623155773
idiots,26,91,117,-1.8258487531893701
fake,101,358,459,-1.8585627609852553
zombies,114,404,518,-1.8588614738015607
poor,411,1454,1865,-1.8596283301472076
disappointing,91,326,417,-1.8733087127309154
utter,52,187,239,-1.8745706371856476
kidding,23,84,107,-1.884359954073074
screaming,58,210,268,-1.8853810729515184
irritating,49,179,228,-1.8965527832119686
supposed,326,1185,1511,-1.898410135404104
disappointment,85,314,399,-1.9171330614619182
miscast,31,116,147,-1.9249755906228907
mediocre,75,282,357,-1.941771687445998
asleep,44,167,211,-1.9503532238472638
awake,21,81,102,-1.9605327689975065
meaningless,22,85,107,-1.96406878802475
fails,124,475,599,-1.9713689682610096
mildly,35,136,171,-1.9810793908836974
dinosaurs,23,90,113,-1.9833264048740948
monkey,24,94,118,-1.9856019495743917
apes,22,87,109,-1.9974273849711812
shark,23,91,114,-1.999180356074932
bad,1847,7211,9058,-2.002794377945182
bat,28,111,139,-2.00607925522409
unless,132,518,650,-2.006420998831191
annoying,199,783,982,-2.0116138977187616
amateur,41,163,204,-2.0161767636196846
bland,54,216,270,-2.0281082594183255
ludicrous,34,137,171,-2.03283272110238
obnoxious,32,130,162,-2.043607553009957
disjointed,20,82,102,-2.0468395790962592
hideous,20,82,102,-2.0468395790962592
horribly,42,171,213,-2.0507431995036374
dumb,115,471,586,-2.067434288727566
horrendous,26,108,134,-2.071700147349807
unintentionally,26,108,134,-2.071700147349807
ripoff,32,133,165,-2.0763974881276264
bother,77,318,395,-2.0770945264505896
embarrassed,31,131,162,-2.0997084352609128
costs,44,186,230,-2.105367758757367
plastic,27,115,142,-2.108458697359925
ridiculously,21,90,111,-2.1116505018496343
ripped,25,107,132,-2.1138368770864915
topless,19,82,101,-2.1189893648520943
junk,35,150,185,-2.121941926723547
unbelievably,21,94,115,-2.174047038987502
boring,329,1455,1784,-2.181233838583241
rubbish,49,219,268,-2.1867898789242757
ridiculous,173,778,951,-2.2038307459693027
flop,18,83,101,-2.2123202963136293
excuse,75,342,417,-2.219624807991337
turkey,30,138,168,-2.221074197954829
useless,22,102,124,-2.225696372644298
whatsoever,57,264,321,-2.2397032306381774
crappy,42,198,240,-2.261673630473783
rambo,18,86,104,-2.263244231476302
avoid,133,631,764,-2.2800123615685255
forgettable,34,167,201,-2.3175621980354926
wooden,55,271,326,-2.3284618909227826
worthless,21,105,126,-2.3329038034736143
inept,29,145,174,-2.34030166301497
dull,134,663,797,-2.340559662282096
ashamed,26,132,158,-2.359997464355889
vampires,41,208,249,-2.3669335115662657
stupid,267,1389,1656,-2.4150244073805798
mess,100,532,632,-2.443655393402799
embarrassing,35,191,226,-2.469522831888802
garbage,70,382,452,-2.477833954649747
badly,98,544,642,-2.504805788729058
dire,18,102,120,-2.5080961033450233
pile,30,170,200,-2.5209599609298134
suck,25,143,168,-2.530550954172719
terrible,241,1375,1616,-2.5479304149489646
worse,215,1230,1445,-2.5515542528375885
dreadful,34,202,236,-2.5913230104623453
tedious,31,187,218,-2.6115362313518538
cardboard,18,110,128,-2.6165185632310086
crap,140,848,988,-2.632413898790264
insulting,17,109,126,-2.683573412124734
unintentional,14,91,105,-2.6957882126249975
idiotic,19,123,142,-2.701034382190956
stupidity,21,136,157,-2.7045617556862815
wasted,74,477,551,-2.7182577719294767
nonexistent,21,139,160,-2.7359259265956166
unconvincing,24,159,183,-2.7407721391181883
amateurish,28,186,214,-2.7482111755590233
appalling,16,108,124,-2.7552264825545527
horrible,154,1034,1188,-2.781324271424162
uninteresting,25,171,196,-2.7877087936698435
pathetic,59,403,462,-2.7996764694383636
miserably,15,105,120,-2.804972247788837
uninspired,15,107,122,-2.8320659086711117
sucks,34,241,275,-2.845424291526131
insult,26,186,212,-2.8531807351605654
boredom,17,123,140,-2.857153584108238
lame,84,632,716,-2.942111602768015
wasting,15,134,149,-3.155335421638276
remotely,19,170,189,-3.166295079630451
poorly,67,622,689,-3.2431837993731394
110,17,162,179,-3.253082260439377
laughable,40,376,416,-3.2547254212558303
awful,159,1485,1644,-3.257389645539072
prom,10,102,112,-3.3252320461952127
worst,249,2450,2699,-3.334033795541023
lousy,19,194,213,-3.35629349559247
redeeming,28,297,325,-3.421925213499091
atrocious,16,176,192,-3.457199623381254
drivel,10,112,122,-3.4595331379068037
horrid,9,105,114,-3.5112410447321265
pointless,40,457,497,-3.5358472997553068
blah,13,169,182,-3.6883233304414023
waste,96,1355,1451,-3.8502217300381583
unfunny,17,252,269,-3.8889259301627175
incoherent,7,129,136,-4.147987061546562
unwatchable,4,103,107,-4.56163132552554
310,5,162,167,-4.922933658747047
mst3k,4,133,137,-4.928840299713769
seagal,3,133,136,-5.291410379098477
210,2,121,123,-5.640953778186946
410,2,166,168,-6.095519641652427
uwe,1,100,101,-6.104158559926299
boll,1,128,129,-6.458731417941249
